dataset,case_id,knn_k1,knn_k5,knn_k10
aortaseg24_test,subject061,0.006679499056190252,0.008290725760161877,0.008901159279048443
aortaseg24_test,subject062,0.006552229169756174,0.0069610970094799995,0.007712782826274633
aortaseg24_test,subject063,0.004401430021971464,0.007529299706220627,0.008093619719147682
aortaseg24_test,subject064,0.007011365611106157,0.009024975821375847,0.01025241706520319
aortaseg24_test,subject065,0.006221388932317495,0.009012722410261631,0.010932298377156258
aortaseg24_test,subject066,0.007139362394809723,0.007895343005657196,0.008567260578274727
aortaseg24_test,subject067,0.005706930998712778,0.007510877680033445,0.009084917604923248
aortaseg24_test,subject068,0.0071254619397223,0.007569803390651941,0.008176134899258614
aortaseg24_test,subject069,0.00559257110580802,0.006591528654098511,0.007826844230294228
aortaseg24_test,subject070,0.0053320955485105515,0.008302961476147175,0.009787307120859623
aortaseg24_test,subject071,0.005069514270871878,0.007237760815769434,0.008890122175216675
aortaseg24_test,subject072,0.006228189915418625,0.00674393167719245,0.007745468523353338
aortaseg24_test,subject073,0.0049530561082065105,0.007622848264873028,0.008232830092310905
aortaseg24_test,subject074,0.008397089317440987,0.008887432515621185,0.009766118600964546
aortaseg24_test,subject075,0.005064166150987148,0.0065451730042696,0.007386516779661179
aortaseg24_test,subject076,0.007934065535664558,0.009422995150089264,0.011245709843933582
aortaseg24_test,subject077,0.006919453386217356,0.0085686594247818,0.009166485629975796
aortaseg24_test,subject078,0.00753131415694952,0.009800144471228123,0.011707030236721039
aortaseg24_test,subject079,0.0070750657469034195,0.008663664571940899,0.009821358136832714
aortaseg24_test,subject080,0.005502565298229456,0.007343405392020941,0.008310910314321518
aortaseg24_test,subject081,0.005172773264348507,0.006446116603910923,0.007460343651473522
aortaseg24_test,subject082,0.0051889666356146336,0.007505698595196009,0.007879303768277168
aortaseg24_test,subject083,0.006156580522656441,0.007929632440209389,0.008664191700518131
aortaseg24_test,subject085,0.01031063124537468,0.014012952335178852,0.015306921675801277
aortaseg24_test,subject086,0.006330521777272224,0.007567230612039566,0.009547357447445393
aortaseg24_test,subject087,0.0072201271541416645,0.016657544299960136,0.018525680527091026
aortaseg24_test,subject088,0.004700361285358667,0.007612693589180708,0.00831573735922575
aortaseg24_test,subject089,0.007421152200549841,0.008175723254680634,0.009922510012984276
aortaseg24_test,subject090,0.007777446880936623,0.009517936035990715,0.012083827517926693
aortaseg24_test,subject091,0.007819747552275658,0.00840000994503498,0.00898140762001276
aortaseg24_test,subject092,0.007976462133228779,0.00907986517995596,0.009787044487893581
aortaseg24_test,subject093,0.005827757529914379,0.00703553156927228,0.007907391525804996
aortaseg24_test,subject094,0.003727706614881754,0.007031803950667381,0.0071510919369757175
aortaseg24_test,subject095,0.007093534339219332,0.008379274979233742,0.009714487008750439
aortaseg24_test,subject096,0.005457146093249321,0.006456946022808552,0.008277327753603458
aortaseg24_test,subject097,0.006747517269104719,0.008265139535069466,0.009777838364243507
aortaseg24_test,subject098,0.006598996929824352,0.00869548786431551,0.009116568602621555
aortaseg24_test,subject099,0.007576605770736933,0.00936468131840229,0.01047598011791706
aortaseg24_test,subject100,0.0062337820418179035,0.009817555546760559,0.012365910224616528
aortaseg24_test,subject101,0.009869731962680817,0.013750092126429081,0.014792154543101788
avt,D1,0.00786278024315834,0.009300222620368004,0.009909438900649548
avt,D10,0.007071017753332853,0.008397279307246208,0.008981688879430294
avt,D11,0.009377233684062958,0.010285078547894955,0.010994374752044678
avt,D12,0.008678698912262917,0.00958887580782175,0.010376324877142906
avt,D13,0.008111957460641861,0.009511636570096016,0.01039194781333208
avt,D14,0.016696687787771225,0.018978793174028397,0.020064223557710648
avt,D15,0.00772028136998415,0.009184394031763077,0.010203764773905277
avt,D16,0.008224504999816418,0.010085320100188255,0.011210955679416656
avt,D17,0.009651072323322296,0.011986649595201015,0.012864622287452221
avt,D18,0.007999569177627563,0.00888419896364212,0.009700166061520576
avt,D2,0.007127765566110611,0.007848437875509262,0.008472833782434464
avt,D3,0.00948463287204504,0.01053568348288536,0.011292506009340286
avt,D4,0.0067451284267008305,0.00808313675224781,0.00906778872013092
avt,D5,0.007417221087962389,0.00901318620890379,0.010384149849414825
avt,D6,0.007087758742272854,0.01015120092779398,0.01097750011831522
avt,D7,0.007787144742906094,0.012357677333056927,0.013560167513787746
avt,D8,0.0077680968679487705,0.009704172611236572,0.010072262957692146
avt,D9,0.010600481182336807,0.01294893492013216,0.013651784509420395
avt,K1,0.009142661467194557,0.011437145993113518,0.012400182895362377
avt,K10,0.008078641258180141,0.010091327130794525,0.01201781164854765
avt,K11,0.006450064480304718,0.007390967570245266,0.008464454673230648
avt,K12,0.008131719194352627,0.009341556578874588,0.011552139185369015
avt,K13,0.008157143369317055,0.009952976368367672,0.010967567563056946
avt,K14,0.007233009673655033,0.00903912354260683,0.009390796534717083
avt,K15,0.007428215350955725,0.007921509444713593,0.008774873800575733
avt,K16,0.00672969501465559,0.00766080804169178,0.008135807700455189
avt,K17,0.008771391585469246,0.010193603113293648,0.011866392567753792
avt,K18,0.00624037953093648,0.006960631348192692,0.008411793038249016
avt,K19,0.020129581913352013,0.025470197200775146,0.02681322768330574
avt,K2,0.01364841777831316,0.018218448385596275,0.020455537363886833
avt,K20,0.014063711278140545,0.014657517895102501,0.016513828188180923
avt,K3,0.006288574542850256,0.008952459320425987,0.010502655990421772
avt,K4,0.005581528414040804,0.007887180894613266,0.010632701218128204
avt,K5,0.005701500456780195,0.008227517828345299,0.008991871029138565
avt,K6,0.009785456582903862,0.010442128404974937,0.011260430328547955
avt,K7,0.08942330628633499,0.09860479086637497,0.09929174929857254
avt,K8,0.007677569054067135,0.009006793610751629,0.010039444081485271
avt,K9,0.009653300978243351,0.010348562151193619,0.011464506387710571
avt,R1,0.0172659233212471,0.018466034904122353,0.020003870129585266
avt,R10,0.009199853055179119,0.013454508036375046,0.014441698789596558
avt,R11,0.006257439497858286,0.0074701556004583836,0.008185843005776405
avt,R12,0.008165255188941956,0.010797247290611267,0.012270757928490639
avt,R13,0.007284121587872505,0.00856863334774971,0.010565941222012043
avt,R14,0.007413568440824747,0.011202764697372913,0.012927316129207611
avt,R15,0.00965571403503418,0.016445541754364967,0.01809605211019516
avt,R16,0.022234342992305756,0.029449714347720146,0.031619492918252945
avt,R17,0.006439790595322847,0.00701169716194272,0.007987483404576778
avt,R18,0.009655945934355259,0.016539933159947395,0.018564611673355103
avt,R2,0.010282905772328377,0.012411159463226795,0.013642326928675175
avt,R3,0.007120154332369566,0.009247138164937496,0.009892950765788555
avt,R4,0.011259053833782673,0.012519549578428268,0.014195778407156467
avt,R5,0.008935635909438133,0.009854502975940704,0.01149064488708973
avt,R6,0.009281531907618046,0.011205918155610561,0.012088817544281483
avt,R7,0.006440273951739073,0.007699648384004831,0.008751556277275085
avt,R8,0.0064772493205964565,0.009835351258516312,0.011691506020724773
avt,R9,0.01375372800976038,0.014830615371465683,0.016889678314328194
amos,amos_0001,0.011343580670654774,0.0136954290792346,0.01585097424685955
amos,amos_0004,0.006251039449125528,0.009052901528775692,0.009395168162882328
amos,amos_0005,0.011155225336551666,0.015665870159864426,0.01730331778526306
amos,amos_0006,0.00889943540096283,0.00971264112740755,0.011539901606738567
amos,amos_0007,0.009971300140023232,0.011328388936817646,0.012230639345943928
amos,amos_0008,0.01116408221423626,0.01495417021214962,0.016096774488687515
amos,amos_0009,0.008769244886934757,0.010520794428884983,0.011024157516658306
amos,amos_0010,0.007159513421356678,0.008865004405379295,0.009372783824801445
amos,amos_0011,0.00687814736738801,0.008464204147458076,0.008808441460132599
amos,amos_0013,0.00606135930866003,0.00856870599091053,0.009009652771055698
amos,amos_0014,0.007684560492634773,0.010196706280112267,0.011242147535085678
amos,amos_0015,0.01168343797326088,0.017812669277191162,0.019357645884156227
amos,amos_0016,0.009372004307806492,0.010478914715349674,0.012371396645903587
amos,amos_0017,0.007508173584938049,0.009579991921782494,0.010134303011000156
amos,amos_0018,0.008287263102829456,0.009777599014341831,0.011348198167979717
amos,amos_0019,0.0072699435986578465,0.00933048315346241,0.011009186506271362
amos,amos_0021,0.0070048123598098755,0.00890522450208664,0.009952589869499207
amos,amos_0022,0.011139052920043468,0.013004759326577187,0.015289661474525928
amos,amos_0023,0.0073346965946257114,0.008829163387417793,0.009576982818543911
amos,amos_0024,0.008123103529214859,0.009663236327469349,0.010407072491943836
amos,amos_0025,0.008325668051838875,0.009984619915485382,0.010261530987918377
amos,amos_0027,0.00738734332844615,0.010251680389046669,0.011421695351600647
amos,amos_0029,0.007698921952396631,0.010622644796967506,0.011581826955080032
amos,amos_0030,0.007782009430229664,0.008522877469658852,0.010142885148525238
amos,amos_0032,0.008148280903697014,0.009481257759034634,0.011625932529568672
amos,amos_0033,0.0067496648989617825,0.008276772685348988,0.009186794981360435
amos,amos_0034,0.008235644549131393,0.010050014592707157,0.011422071605920792
amos,amos_0035,0.008673089556396008,0.01480960939079523,0.01599462702870369
amos,amos_0036,0.00760316289961338,0.007786354515701532,0.009604822844266891
amos,amos_0038,0.008236182853579521,0.008387136273086071,0.00929761677980423
amos,amos_0040,0.010554002597928047,0.011136116459965706,0.012673734687268734
amos,amos_0041,0.0068871877156198025,0.009099265560507774,0.00936172716319561
amos,amos_0042,0.0070743742398917675,0.008509159088134766,0.009260310791432858
amos,amos_0043,0.007655004505068064,0.009988847188651562,0.010638796724379063
amos,amos_0044,0.008970385417342186,0.009552801959216595,0.010545767843723297
amos,amos_0045,0.01377593819051981,0.019997164607048035,0.02134968340396881
amos,amos_0047,0.01176528725773096,0.01636492647230625,0.017344169318675995
amos,amos_0048,0.009928904473781586,0.012417791411280632,0.013819575309753418
amos,amos_0049,0.010763841681182384,0.011538363061845303,0.01278398372232914
amos,amos_0050,0.011195601895451546,0.014120984822511673,0.015374096110463142
amos,amos_0051,0.01000077836215496,0.011943171732127666,0.012498334050178528
amos,amos_0052,0.011625378392636776,0.01667347364127636,0.01782403327524662
amos,amos_0054,0.0097007155418396,0.010924188420176506,0.012791397981345654
amos,amos_0056,0.008937966078519821,0.01166258193552494,0.013365781866014004
amos,amos_0057,0.015872756019234657,0.02248283103108406,0.02430260367691517
amos,amos_0058,0.01040687970817089,0.013823348097503185,0.014936181716620922
amos,amos_0059,0.009215314872562885,0.010043816640973091,0.011246595531702042
amos,amos_0060,0.012422491796314716,0.01315442193299532,0.01398223266005516
amos,amos_0061,0.00632657902315259,0.007718756329268217,0.008741028606891632
amos,amos_0063,0.008978326804935932,0.00947768148034811,0.010383482091128826
amos,amos_0064,0.006313638295978308,0.007540159393101931,0.008961716666817665
amos,amos_0066,0.008111918345093727,0.01022285595536232,0.011268178932368755
amos,amos_0067,0.007368525490164757,0.009455735795199871,0.00990581139922142
amos,amos_0069,0.008416605181992054,0.00945349968969822,0.010016041807830334
amos,amos_0070,0.012664638459682465,0.013947920873761177,0.014869848266243935
amos,amos_0071,0.00638810358941555,0.007933185435831547,0.008595604449510574
amos,amos_0072,0.01087808609008789,0.01417322363704443,0.015717988833785057
amos,amos_0073,0.009111878462135792,0.009733736515045166,0.010524740442633629
amos,amos_0075,0.0068152910098433495,0.008808410726487637,0.009473085403442383
amos,amos_0076,0.01121782511472702,0.01185282226651907,0.013485637493431568
amos,amos_0077,0.013221468776464462,0.019505031406879425,0.02075383998453617
amos,amos_0078,0.009078659117221832,0.011508755385875702,0.011986919678747654
amos,amos_0079,0.00845737848430872,0.010178107768297195,0.0121341273188591
amos,amos_0081,0.00957922637462616,0.011633146554231644,0.012551659718155861
amos,amos_0083,0.00789138674736023,0.009419227950274944,0.010001090355217457
amos,amos_0084,0.010868259705603123,0.012571627274155617,0.013205989263951778
amos,amos_0085,0.008449145592749119,0.009684046730399132,0.010892479680478573
amos,amos_0086,0.006923805456608534,0.008076952770352364,0.009143970906734467
amos,amos_0087,0.009594405069947243,0.010738007724285126,0.011488016694784164
amos,amos_0088,0.008868558332324028,0.00994451530277729,0.010873009450733662
amos,amos_0089,0.005629986058920622,0.00998017843812704,0.011879714205861092
amos,amos_0090,0.00872630812227726,0.013469758443534374,0.015053030103445053
amos,amos_0092,0.007441090419888496,0.008501662872731686,0.009442636743187904
amos,amos_0094,0.008183634839951992,0.009800499305129051,0.010808412916958332
amos,amos_0097,0.01751060225069523,0.024819426238536835,0.027073122560977936
amos,amos_0098,0.0088226068764925,0.010511201806366444,0.011066820472478867
amos,amos_0099,0.01461518369615078,0.016810163855552673,0.019391708076000214
amos,amos_0102,0.010842019692063332,0.017382672056555748,0.01901959255337715
amos,amos_0103,0.010159547440707684,0.011539289727807045,0.013042115606367588
amos,amos_0104,0.01047818548977375,0.012049121782183647,0.013216802850365639
amos,amos_0105,0.01032639667391777,0.011024338193237782,0.012802483513951302
amos,amos_0106,0.014489397406578064,0.02120506577193737,0.02304813265800476
amos,amos_0108,0.009310687892138958,0.009872698225080967,0.010700567625463009
amos,amos_0109,0.01227934006601572,0.0190467219799757,0.020612837746739388
amos,amos_0110,0.007283173035830259,0.008574945852160454,0.009758195839822292
amos,amos_0111,0.008791966363787651,0.009231715463101864,0.01002664677798748
amos,amos_0112,0.010172535665333271,0.015861565247178078,0.017609192058444023
amos,amos_0113,0.013569803908467293,0.01869746297597885,0.019832255318760872
amos,amos_0115,0.012414543889462948,0.01408077497035265,0.016183892264962196
amos,amos_0116,0.005236717406660318,0.009046060964465141,0.010570423677563667
amos,amos_0117,0.008679931983351707,0.009524079039692879,0.01029293891042471
amos,amos_0118,0.008404102176427841,0.010033180937170982,0.011026628315448761
amos,amos_0119,0.007667153608053923,0.008686238899827003,0.009130332618951797
amos,amos_0120,0.010118658654391766,0.012096687220036983,0.01298388559371233
amos,amos_0121,0.00711478479206562,0.011123748496174812,0.012999051250517368
amos,amos_0123,0.008954141288995743,0.009391826577484608,0.011054124683141708
amos,amos_0124,0.006871109828352928,0.012031270191073418,0.013135324232280254
amos,amos_0125,0.013570908457040787,0.014793981797993183,0.017597217112779617
amos,amos_0126,0.008706857450306416,0.010501532815396786,0.011325441300868988
amos,amos_0127,0.008340233005583286,0.010040703229606152,0.01159447431564331
amos,amos_0128,0.01079732459038496,0.011885170824825764,0.012093405239284039
amos,amos_0129,0.008730906061828136,0.01061884593218565,0.011850981041789055
amos,amos_0131,0.012696287594735622,0.017227357253432274,0.01806827262043953
amos,amos_0132,0.00881205778568983,0.014991994947195053,0.016844941303133965
amos,amos_0133,0.013136175461113453,0.013986256904900074,0.014284564182162285
amos,amos_0134,0.008202108554542065,0.008770039305090904,0.009887000545859337
amos,amos_0135,0.008724471554160118,0.01109902560710907,0.01310405507683754
amos,amos_0136,0.006588106043636799,0.008821276016533375,0.00902650784701109
amos,amos_0137,0.00952660571783781,0.015896202996373177,0.018161805346608162
amos,amos_0138,0.008734224364161491,0.010563219897449017,0.011905412189662457
amos,amos_0140,0.01123212929815054,0.01587744802236557,0.017188047990202904
amos,amos_0141,0.009882013313472271,0.011195584200322628,0.012661798857152462
amos,amos_0142,0.009192436933517456,0.013450805097818375,0.01480831764638424
amos,amos_0143,0.008733726106584072,0.00974342692643404,0.010607992298901081
amos,amos_0144,0.006330600008368492,0.00851184781640768,0.009163991548120975
amos,amos_0147,0.012604881078004837,0.013521827757358551,0.014102587476372719
amos,amos_0149,0.011332002468407154,0.01193171739578247,0.013988213613629341
amos,amos_0150,0.0136521952226758,0.01999370940029621,0.02190314419567585
amos,amos_0152,0.00815935991704464,0.008756430819630623,0.008959481492638588
amos,amos_0153,0.008158569224178791,0.010166522115468979,0.011057146824896336
amos,amos_0154,0.007814378477633,0.008632861077785492,0.009727215394377708
amos,amos_0155,0.006705909967422485,0.008348810486495495,0.009989364072680473
amos,amos_0156,0.00926828384399414,0.010992473922669888,0.01132185012102127
amos,amos_0157,0.0063732462003827095,0.008373815566301346,0.009308398701250553
amos,amos_0158,0.008031386882066727,0.008869958110153675,0.010336528532207012
amos,amos_0159,0.009193209931254387,0.009879405610263348,0.010995828546583652
amos,amos_0160,0.009344374760985374,0.014027997851371765,0.015627557411789894
amos,amos_0161,0.007018469739705324,0.00949371512979269,0.010800591669976711
amos,amos_0162,0.009285671636462212,0.010057943873107433,0.011091909371316433
amos,amos_0166,0.009576753713190556,0.01043291948735714,0.011879735626280308
amos,amos_0167,0.007890105247497559,0.009957143105566502,0.011405755765736103
amos,amos_0170,0.006255073472857475,0.008391311392188072,0.008721187710762024
amos,amos_0171,0.014010951854288578,0.0205201655626297,0.022556426003575325
amos,amos_0172,0.011479713022708893,0.014625857584178448,0.016243712976574898
amos,amos_0173,0.011295144446194172,0.015571745112538338,0.01678701676428318
amos,amos_0174,0.00805981270968914,0.01432937104254961,0.016467129811644554
amos,amos_0175,0.008434263058006763,0.008982126601040363,0.009747614152729511
amos,amos_0176,0.007316753268241882,0.009332130663096905,0.009531179443001747
amos,amos_0177,0.00773559371009469,0.008416532538831234,0.009038791991770267
amos,amos_0179,0.007519478909671307,0.008361165411770344,0.00926876999437809
amos,amos_0180,0.011919953860342503,0.012822767719626427,0.014891311526298523
amos,amos_0181,0.006738921627402306,0.009581560268998146,0.010040191002190113
amos,amos_0184,0.007052196655422449,0.008447258733212948,0.009312338195741177
amos,amos_0185,0.006773517467081547,0.013038473203778267,0.014645131304860115
amos,amos_0186,0.012626939453184605,0.013946890830993652,0.014820829965174198
amos,amos_0188,0.008269740268588066,0.00859148520976305,0.009285613894462585
amos,amos_0189,0.009479161351919174,0.010900788009166718,0.011497627012431622
amos,amos_0190,0.008019676432013512,0.00904339924454689,0.009933901950716972
amos,amos_0191,0.010649695992469788,0.01150263287127018,0.013546932488679886
amos,amos_0192,0.008256499655544758,0.010778211988508701,0.012444368563592434
amos,amos_0193,0.006507304031401873,0.008718456141650677,0.00971495546400547
amos,amos_0194,0.01060254406183958,0.01237773708999157,0.013214070349931717
amos,amos_0195,0.006423872895538807,0.01083682756870985,0.012451889924705029
amos,amos_0196,0.006629075855016708,0.008021251298487186,0.008680921047925949
amos,amos_0197,0.013761120848357677,0.014669669792056084,0.015486862510442734
amos,amos_0198,0.010455104522407055,0.011598941870033741,0.012991315685212612
amos,amos_0199,0.010891472920775414,0.012162527069449425,0.013586318120360374
amos,amos_0200,0.006514009553939104,0.008745932951569557,0.010101151652634144
amos,amos_0202,0.012750916182994843,0.014689633622765541,0.015525611117482185
amos,amos_0203,0.008443634957075119,0.009569489397108555,0.01057701837271452
amos,amos_0204,0.011440766043961048,0.012215262278914452,0.012571875937283039
amos,amos_0206,0.01636955328285694,0.0200201403349638,0.020950645208358765
amos,amos_0207,0.01193256489932537,0.012833472341299057,0.013458309695124626
amos,amos_0208,0.012564225122332573,0.014957983046770096,0.015999944880604744
amos,amos_0212,0.014898303896188736,0.015572790056467056,0.01694977842271328
amos,amos_0214,0.007676273584365845,0.009011484682559967,0.009629200212657452
amos,amos_0215,0.010384935885667801,0.012143702246248722,0.012724601663649082
amos,amos_0216,0.01407634001225233,0.017851701006293297,0.018983589485287666
amos,amos_0217,0.010906136594712734,0.014023159630596638,0.015290748327970505
amos,amos_0218,0.009491745382547379,0.010475515387952328,0.011178125627338886
amos,amos_0219,0.011264543980360031,0.01236781571060419,0.013284114189445972
amos,amos_0223,0.01826109178364277,0.02285168133676052,0.023622382432222366
amos,amos_0224,0.01160378661006689,0.014931585639715195,0.015900874510407448
amos,amos_0225,0.01483380701392889,0.01719973422586918,0.018027933314442635
amos,amos_0226,0.011583678424358368,0.01487839687615633,0.016672572121024132
amos,amos_0228,0.011341151781380177,0.013861719518899918,0.015308927744626999
amos,amos_0230,0.01648693159222603,0.020304283127188683,0.021312493830919266
amos,amos_0231,0.011439084075391293,0.01242207270115614,0.013642022386193275
amos,amos_0233,0.010849220678210258,0.01211899146437645,0.012829231098294258
amos,amos_0235,0.012480021454393864,0.01636407896876335,0.01797083206474781
amos,amos_0237,0.01530633307993412,0.019345495849847794,0.020827412605285645
amos,amos_0238,0.012485780753195286,0.013680048286914825,0.01486134808510542
amos,amos_0239,0.013111280277371407,0.01743757165968418,0.018393268808722496
amos,amos_0242,0.015570051968097687,0.01860220730304718,0.01981242187321186
amos,amos_0244,0.01056385412812233,0.010919677093625069,0.011772421188652515
amos,amos_0245,0.009184073656797409,0.010700087063014507,0.012207429856061935
amos,amos_0247,0.013826185837388039,0.017728392034769058,0.018811654299497604
amos,amos_0248,0.011854312382638454,0.0134628526866436,0.014685435220599174
amos,amos_0249,0.01381283812224865,0.01713481731712818,0.01820540241897106
amos,amos_0250,0.016238922253251076,0.021015049889683723,0.022116059437394142
amos,amos_0254,0.014548405073583126,0.018677355721592903,0.019085371866822243
amos,amos_0255,0.010930192656815052,0.014047644101083279,0.015092830173671246
amos,amos_0257,0.012607109732925892,0.014286169782280922,0.015343361534178257
amos,amos_0258,0.015155392698943615,0.018645770847797394,0.019540080800652504
amos,amos_0259,0.011890276335179806,0.013424744829535484,0.014090076088905334
amos,amos_0263,0.013837285339832306,0.014465599320828915,0.016530059278011322
amos,amos_0264,0.01262285653501749,0.013306782580912113,0.014825846068561077
amos,amos_0268,0.01493606623262167,0.01837548427283764,0.01984296925365925
amos,amos_0272,0.015302817337214947,0.018800120800733566,0.020175570622086525
amos,amos_0273,0.008985349908471107,0.010000564157962799,0.010855039581656456
amos,amos_0274,0.011772018857300282,0.012512804940342903,0.013413815759122372
amos,amos_0276,0.02222532406449318,0.026706838980317116,0.028627581894397736
amos,amos_0278,0.013801181688904762,0.015455198474228382,0.016992034390568733
amos,amos_0279,0.009107192046940327,0.010452751070261002,0.011506936512887478
amos,amos_0280,0.01099848747253418,0.012659355066716671,0.01385655626654625
amos,amos_0281,0.011161524802446365,0.012038101442158222,0.012969265691936016
amos,amos_0282,0.010067279450595379,0.010560410097241402,0.012360883876681328
amos,amos_0283,0.013338922522962093,0.0150302080437541,0.016681445762515068
amos,amos_0284,0.012793007306754589,0.014024837873876095,0.014830036088824272
amos,amos_0286,0.01203985046595335,0.012844791635870934,0.013962949626147747
amos,amos_0287,0.011717627756297588,0.012869654223322868,0.01469413097947836
amos,amos_0288,0.009465198963880539,0.011117340996861458,0.012782104313373566
amos,amos_0289,0.011432996019721031,0.012517496012151241,0.014187983237206936
amos,amos_0290,0.01239094790071249,0.014466825872659683,0.016849856823682785
amos,amos_0292,0.012103893794119358,0.01558927446603775,0.01627192087471485
amos,amos_0293,0.013570071198046207,0.016634304076433182,0.017335448414087296
amos,amos_0294,0.012745996937155724,0.013633618131279945,0.015273766592144966
amos,amos_0296,0.009750035591423512,0.011148440651595592,0.012527991086244583
amos,amos_0297,0.011065475642681122,0.011611752212047577,0.012774409726262093
amos,amos_0299,0.008579770103096962,0.009338079020380974,0.010973774828016758
amos,amos_0301,0.011228303425014019,0.012360170483589172,0.012794277630746365
amos,amos_0302,0.014318296685814857,0.01836428791284561,0.019594009965658188
amos,amos_0304,0.01183544471859932,0.01573878899216652,0.01733677089214325
amos,amos_0307,0.01391881424933672,0.016546716913580894,0.017984764650464058
amos,amos_0308,0.0126687316223979,0.016240935772657394,0.017222091555595398
amos,amos_0309,0.010953733697533607,0.011840305291116238,0.012350540608167648
amos,amos_0310,0.01582224853336811,0.020101571455597878,0.021361438557505608
amos,amos_0311,0.017640871927142143,0.02213301509618759,0.02383284457027912
amos,amos_0313,0.010730292648077011,0.01335914246737957,0.01494775153696537
amos,amos_0316,0.011691955849528313,0.01288386806845665,0.0136350616812706
amos,amos_0317,0.016420530155301094,0.020815439522266388,0.02216257154941559
amos,amos_0318,0.010533315129578114,0.014441238716244698,0.015908043831586838
amos,amos_0320,0.01378305722028017,0.016565341502428055,0.017935125157237053
amos,amos_0321,0.010676078498363495,0.013008587062358856,0.0141173480078578
amos,amos_0323,0.012580296024680138,0.016622310504317284,0.017711274325847626
amos,amos_0325,0.012290120124816895,0.013766958378255367,0.015175262466073036
amos,amos_0326,0.010744097642600536,0.01236546691507101,0.01309888157993555
amos,amos_0328,0.010808325372636318,0.013465863652527332,0.014871503226459026
amos,amos_0330,0.013800717890262604,0.015534390695393085,0.016192249953746796
amos,amos_0332,0.010498622432351112,0.014463981613516808,0.015102493576705456
amos,amos_0333,0.010622777044773102,0.013262474909424782,0.01435044128447771
amos,amos_0334,0.018511109054088593,0.02289602719247341,0.024436166509985924
amos,amos_0336,0.010507502593100071,0.011777072213590145,0.01260271854698658
amos,amos_0337,0.012011926621198654,0.012584053911268711,0.014018318615853786
amos,amos_0339,0.015805626288056374,0.017217401415109634,0.018844468519091606
amos,amos_0341,0.01140495203435421,0.01404091902077198,0.016030192375183105
amos,amos_0342,0.011226627044379711,0.012886312790215015,0.013765490613877773
amos,amos_0344,0.011938483454287052,0.014921295456588268,0.015591361559927464
amos,amos_0346,0.013860049657523632,0.017658496275544167,0.018489820882678032
amos,amos_0348,0.011392120271921158,0.013685660436749458,0.015173545107245445
amos,amos_0349,0.011338741518557072,0.012373491190373898,0.013163438998162746
amos,amos_0350,0.019858818501234055,0.021916577592492104,0.023707952350378036
amos,amos_0351,0.009090826846659184,0.01000548992305994,0.011195422150194645
amos,amos_0352,0.010992984287440777,0.012499716132879257,0.012936397455632687
amos,amos_0353,0.014648751355707645,0.01751627027988434,0.01812957227230072
amos,amos_0356,0.009952080436050892,0.011594483628869057,0.011908172629773617
amos,amos_0357,0.011696203611791134,0.014929762110114098,0.015975311398506165
amos,amos_0358,0.010175568982958794,0.011718682013452053,0.01240390446037054
amos,amos_0361,0.012219213880598545,0.013075357303023338,0.013758658431470394
amos,amos_0362,0.01301306951791048,0.017586424946784973,0.0188131146132946
amos,amos_0363,0.00974972452968359,0.011287412606179714,0.012341058813035488
amos,amos_0364,0.014352409169077873,0.014783206395804882,0.016098901629447937
amos,amos_0365,0.010212385095655918,0.012594052590429783,0.014193538576364517
amos,amos_0366,0.00864111166447401,0.010881510563194752,0.011539102531969547
amos,amos_0367,0.012114768847823143,0.01855715736746788,0.020255625247955322
amos,amos_0368,0.010138611309230328,0.014620027504861355,0.015756696462631226
amos,amos_0370,0.013313629664480686,0.01760825887322426,0.018943507224321365
amos,amos_0371,0.00928663369268179,0.010523514822125435,0.012222922407090664
amos,amos_0372,0.011398586444556713,0.011813847348093987,0.014221793971955776
amos,amos_0373,0.010088386945426464,0.014676084741950035,0.015809454023838043
amos,amos_0374,0.010051875375211239,0.016280993819236755,0.017860421910881996
amos,amos_0376,0.010254673659801483,0.012231594882905483,0.013314275071024895
amos,amos_0377,0.01022992841899395,0.011197233572602272,0.01185952965170145
amos,amos_0378,0.011820432730019093,0.017219049856066704,0.01865280605852604
amos,amos_0379,0.010709371417760849,0.013230081647634506,0.014528503641486168
amos,amos_0380,0.010960502550005913,0.012727848254144192,0.014837061055004597
amos,amos_0381,0.011188237927854061,0.016736624762415886,0.018215660005807877
amos,amos_0383,0.012069052085280418,0.014828321523964405,0.01678847335278988
amos,amos_0384,0.009951517917215824,0.011556082405149937,0.013117936439812183
amos,amos_0385,0.012423266656696796,0.019130978733301163,0.021077221259474754
amos,amos_0387,0.010141944512724876,0.01229828130453825,0.013717026449739933
amos,amos_0388,0.010615264065563679,0.011424467898905277,0.012268073856830597
amos,amos_0390,0.01091104093939066,0.016833575442433357,0.018407640978693962
amos,amos_0391,0.010606534779071808,0.014387207105755806,0.015871969982981682
amos,amos_0392,0.011552377603948116,0.01340821385383606,0.015299618244171143
amos,amos_0395,0.011584530584514141,0.012772063724696636,0.013536754064261913
amos,amos_0396,0.011364677920937538,0.013155979104340076,0.01542625017464161
amos,amos_0397,0.01009909063577652,0.011671504937112331,0.012328839860856533
amos,amos_0398,0.010375027544796467,0.012250040657818317,0.014605856500566006
amos,amos_0399,0.012442100793123245,0.013694261200726032,0.014502204954624176
amos,amos_0400,0.012222051620483398,0.012969872914254665,0.013716946355998516
amos,amos_0401,0.010994518175721169,0.01169089786708355,0.013468070887029171
amos,amos_0402,0.009901758283376694,0.010824095457792282,0.012922503054141998
amos,amos_0403,0.010750124230980873,0.012278872542083263,0.014671404846012592
amos,amos_0404,0.010301024653017521,0.012005818076431751,0.012599054723978043
amos,amos_0405,0.010293347761034966,0.013160103000700474,0.014710080809891224
amos,amos_0406,0.012254461646080017,0.013477361761033535,0.01600594073534012
amos,amos_0408,0.013367018662393093,0.0161032322794199,0.01824546419084072
amos,amos_0409,0.007963376119732857,0.011314100585877895,0.013532759621739388
amos,amos_0410,0.009375368244946003,0.010781302116811275,0.012451150454580784
totalseg,s0000,0.010935167782008648,0.011968381702899933,0.012371006421744823
totalseg,s0001,0.012707930989563465,0.01485842652618885,0.015287630259990692
totalseg,s0004,0.011708993464708328,0.012212110683321953,0.013309825211763382
totalseg,s0006,0.017704742029309273,0.019192993640899658,0.020454538986086845
totalseg,s0010,0.00833860319107771,0.009630328975617886,0.010455848649144173
totalseg,s0011,0.005870130378752947,0.007619768846780062,0.008489326573908329
totalseg,s0012,0.017220767214894295,0.0190139040350914,0.019681110978126526
totalseg,s0013,0.016058385372161865,0.01705021597445011,0.018129706382751465
totalseg,s0014,0.007669935002923012,0.008542109280824661,0.009460444562137127
totalseg,s0015,0.007837074808776379,0.008996369317173958,0.010012960061430931
totalseg,s0016,0.011038865894079208,0.012006056495010853,0.012846735306084156
totalseg,s0022,0.009566497057676315,0.010626253671944141,0.011812723241746426
totalseg,s0028,0.00842643715441227,0.009216285310685635,0.009639298543334007
totalseg,s0029,0.007058883085846901,0.008028092794120312,0.009330819360911846
totalseg,s0030,0.008021214045584202,0.009627161547541618,0.010695239529013634
totalseg,s0031,0.008664625696837902,0.009854467585682869,0.010469058528542519
totalseg,s0034,0.008964868262410164,0.009447501040995121,0.010612455196678638
totalseg,s0038,0.009416086599230766,0.010722557082772255,0.011880679987370968
totalseg,s0039,0.022862957790493965,0.024018241092562675,0.025486299768090248
totalseg,s0040,0.007315807044506073,0.00848001055419445,0.009256329387426376
totalseg,s0042,0.010418879799544811,0.010828371159732342,0.01139919739216566
totalseg,s0045,0.015313239768147469,0.016753653064370155,0.018306652083992958
totalseg,s0048,0.018710527569055557,0.019852301105856895,0.020507171750068665
totalseg,s0052,0.012261292897164822,0.013493823818862438,0.014373323880136013
totalseg,s0053,0.007841126061975956,0.009140719659626484,0.009854557923972607
totalseg,s0054,0.007892273366451263,0.009804235771298409,0.010597402229905128
totalseg,s0058,0.010064334608614445,0.01150683406740427,0.012350978329777718
totalseg,s0059,0.009850054048001766,0.010738528333604336,0.011289261281490326
totalseg,s0062,0.010918539017438889,0.011457308195531368,0.01187827717512846
totalseg,s0065,0.011762812733650208,0.013215715065598488,0.014576482586562634
totalseg,s0066,0.011853610165417194,0.013462502509355545,0.014939505606889725
totalseg,s0070,0.012228657491505146,0.013024034909904003,0.014352167956531048
totalseg,s0071,0.007482698652893305,0.009219263680279255,0.010452723130583763
totalseg,s0072,0.007964563556015491,0.008758255280554295,0.009777430444955826
totalseg,s0073,0.01285549160093069,0.014562014490365982,0.015540823340415955
totalseg,s0074,0.018158145248889923,0.020208081230521202,0.021187787875533104
totalseg,s0075,0.008475707843899727,0.010277331806719303,0.012440548278391361
totalseg,s0077,0.010210376232862473,0.01206226460635662,0.012989972718060017
totalseg,s0078,0.009452210739254951,0.009979471564292908,0.010644979774951935
totalseg,s0082,0.009789826348423958,0.01138158980756998,0.01330494973808527
totalseg,s0086,0.012950051575899124,0.019508181139826775,0.022347785532474518
totalseg,s0088,0.025746623054146767,0.027535509318113327,0.02808297611773014
totalseg,s0089,0.013015855103731155,0.014723707921802998,0.01604337990283966
totalseg,s0090,0.019276022911071777,0.026916969567537308,0.027832120656967163
totalseg,s0091,0.007314866874366999,0.00900154747068882,0.010167471133172512
totalseg,s0092,0.017835309728980064,0.018573954701423645,0.019428854808211327
totalseg,s0096,0.009505332447588444,0.01039285957813263,0.011565621010959148
totalseg,s0098,0.017839202657341957,0.01872001588344574,0.01884409971535206
totalseg,s0103,0.03931127488613129,0.04763924330472946,0.04812867194414139
totalseg,s0104,0.011703687720000744,0.013706762343645096,0.014832906424999237
totalseg,s0106,0.019164208322763443,0.02052399329841137,0.022172899916768074
totalseg,s0107,0.012274348177015781,0.017045093700289726,0.020063674077391624
totalseg,s0108,0.008778639137744904,0.010493910871446133,0.011086395010352135
totalseg,s0109,0.008547324687242508,0.009343978017568588,0.009887812659144402
totalseg,s0117,0.018923066556453705,0.01988387107849121,0.0213043000549078
totalseg,s0119,0.008778470568358898,0.00964324176311493,0.010537452064454556
totalseg,s0120,0.008669933304190636,0.0093050142750144,0.01035761646926403
totalseg,s0123,0.01603606529533863,0.018301524221897125,0.019104691222310066
totalseg,s0124,0.007898717187345028,0.010000581853091717,0.011358610354363918
totalseg,s0131,0.014137431047856808,0.015327292494475842,0.01619703695178032
totalseg,s0132,0.09498924016952515,0.10304603725671768,0.10490156710147858
totalseg,s0133,0.009909986518323421,0.011113854125142097,0.012069371528923512
totalseg,s0137,0.00901857577264309,0.010172807611525059,0.010818526148796082
totalseg,s0139,0.009747444652020931,0.010274691507220268,0.010854020714759827
totalseg,s0141,0.007268494926393032,0.009787035174667835,0.010526205413043499
totalseg,s0143,0.015582862310111523,0.017029432579874992,0.018041495233774185
totalseg,s0145,0.012056531384587288,0.01465448085218668,0.01512669026851654
totalseg,s0146,0.012538927607238293,0.015659738332033157,0.016568979248404503
totalseg,s0151,0.013029626570641994,0.015203507617115974,0.015915125608444214
totalseg,s0153,0.014607857912778854,0.015668053179979324,0.016585923731327057
totalseg,s0156,0.02026446722447872,0.021603958681225777,0.02192271687090397
totalseg,s0157,0.010390016250312328,0.01147435698658228,0.013596349395811558
totalseg,s0158,0.013331111520528793,0.014124663546681404,0.014406541362404823
totalseg,s0160,0.022590691223740578,0.02411622554063797,0.025705179199576378
totalseg,s0161,0.013581176288425922,0.015103515237569809,0.016035735607147217
totalseg,s0162,0.012077685445547104,0.013362712226808071,0.015561019070446491
totalseg,s0163,0.007141925860196352,0.009195251390337944,0.010175181552767754
totalseg,s0166,0.008165266364812851,0.009436770342290401,0.010332725942134857
totalseg,s0171,0.010787486098706722,0.01225991453975439,0.013570178300142288
totalseg,s0174,0.01868738792836666,0.020245296880602837,0.02111862599849701
totalseg,s0175,0.013393335975706577,0.014274799264967442,0.015289783477783203
totalseg,s0178,0.008828142657876015,0.009903904981911182,0.010775849223136902
totalseg,s0182,0.015678219497203827,0.01683177426457405,0.017327046021819115
totalseg,s0187,0.040487777441740036,0.04762889817357063,0.048226431012153625
totalseg,s0188,0.00900940876454115,0.009971140883862972,0.010742985643446445
totalseg,s0190,0.009926440194249153,0.011232496239244938,0.012029331177473068
totalseg,s0192,0.015406646765768528,0.0166793130338192,0.017692087218165398
totalseg,s0193,0.012996893376111984,0.015217666514217854,0.01604127138853073
totalseg,s0196,0.008210371248424053,0.009551605209708214,0.010168070904910564
totalseg,s0199,0.0533033162355423,0.05956496670842171,0.06097349524497986
totalseg,s0201,0.012348962016403675,0.015493165701627731,0.017378339543938637
totalseg,s0204,0.009834175929427147,0.010799187235534191,0.012304460629820824
totalseg,s0210,0.011954028159379959,0.013691737316548824,0.014799597673118114
totalseg,s0211,0.09381372481584549,0.10228759050369263,0.10365942120552063
totalseg,s0216,0.007836991921067238,0.008978110738098621,0.009951644577085972
totalseg,s0218,0.008967272005975246,0.010623025707900524,0.011423947289586067
totalseg,s0222,0.012401859275996685,0.013678908348083496,0.015350131317973137
totalseg,s0224,0.007911714725196362,0.008966329507529736,0.01101839728653431
totalseg,s0227,0.008332140743732452,0.009126433171331882,0.009763755835592747
totalseg,s0228,0.008615592494606972,0.009172191843390465,0.010482032783329487
totalseg,s0235,0.015836095437407494,0.017895126715302467,0.018729254603385925
totalseg,s0236,0.014160946011543274,0.01514893863350153,0.01684652268886566
totalseg,s0237,0.15683087706565857,0.16542792320251465,0.16768915951251984
totalseg,s0238,0.01808023825287819,0.019405489787459373,0.019951442256569862
totalseg,s0239,0.008222417905926704,0.009055912494659424,0.010152045637369156
totalseg,s0241,0.013372267596423626,0.014943001791834831,0.016534777358174324
totalseg,s0242,0.014076375402510166,0.015299329534173012,0.01710195280611515
totalseg,s0243,0.009294142946600914,0.010908087715506554,0.011514261364936829
totalseg,s0244,0.00904642604291439,0.01018441841006279,0.01119627058506012
totalseg,s0245,0.019603414461016655,0.02086312137544155,0.021601105108857155
totalseg,s0246,0.029027769342064857,0.031042268499732018,0.03198020160198212
totalseg,s0247,0.03263893350958824,0.03726612776517868,0.03789486363530159
totalseg,s0248,0.00847067590802908,0.009378062561154366,0.01034502126276493
totalseg,s0249,0.04204079508781433,0.04577001556754112,0.047148510813713074
totalseg,s0250,0.009706968441605568,0.010501465760171413,0.01116776280105114
totalseg,s0252,0.015548179857432842,0.017401723191142082,0.018055593594908714
totalseg,s0255,0.008690664544701576,0.009493738412857056,0.009948845952749252
totalseg,s0257,0.013523772358894348,0.014515320770442486,0.014848978258669376
totalseg,s0258,0.012550859712064266,0.013692171312868595,0.014959020540118217
totalseg,s0260,0.013706094585359097,0.020681165158748627,0.02315213717520237
totalseg,s0262,0.028805231675505638,0.030557887628674507,0.03162635490298271
totalseg,s0275,0.011118433438241482,0.012075833044946194,0.012797020375728607
totalseg,s0285,0.008602804504334927,0.010995396412909031,0.01160448044538498
totalseg,s0286,0.01101131085306406,0.012424319982528687,0.01441549975425005
totalseg,s0287,0.007783455308526754,0.012940630316734314,0.015104012563824654
totalseg,s0291,0.011491210199892521,0.011860824190080166,0.01302671991288662
totalseg,s0298,0.010938921943306923,0.011220429092645645,0.01200308557599783
totalseg,s0300,0.010085086338222027,0.011537585407495499,0.012581836432218552
totalseg,s0301,0.01785510778427124,0.019386352971196175,0.020749548450112343
totalseg,s0304,0.014650220051407814,0.01595437154173851,0.016743479296565056
totalseg,s0305,0.02060801535844803,0.021831436082720757,0.022548777982592583
totalseg,s0306,0.015474445186555386,0.01604381389915943,0.01818746328353882
totalseg,s0307,0.011246409267187119,0.013785029761493206,0.014849483966827393
totalseg,s0308,0.014093233272433281,0.015173348598182201,0.015895429998636246
totalseg,s0311,0.014705950394272804,0.015645736828446388,0.017136499285697937
totalseg,s0314,0.010590587742626667,0.012889465317130089,0.013617522083222866
totalseg,s0319,0.010783328674733639,0.01205600704997778,0.013016708195209503
totalseg,s0320,0.008093759417533875,0.009478664956986904,0.010060103610157967
totalseg,s0321,0.01798664778470993,0.019818171858787537,0.021286729723215103
totalseg,s0322,0.008537516929209232,0.00982188805937767,0.010190948843955994
totalseg,s0324,0.015507940202951431,0.017056075856089592,0.019154686480760574
totalseg,s0325,0.010052534751594067,0.012476197443902493,0.012799927033483982
totalseg,s0327,0.013422345742583275,0.015263529494404793,0.016146931797266006
totalseg,s0328,0.010129300877451897,0.010877258144319057,0.011470692232251167
totalseg,s0329,0.009045504033565521,0.01049766130745411,0.012199459597468376
totalseg,s0332,0.008592494763433933,0.009716822765767574,0.010908409021794796
totalseg,s0334,0.007877927273511887,0.009044704958796501,0.009527367539703846
totalseg,s0336,0.02171076461672783,0.023207686841487885,0.02455461584031582
totalseg,s0344,0.009073634631931782,0.010553550906479359,0.01171849761158228
totalseg,s0347,0.026032783091068268,0.027462640777230263,0.028793247416615486
totalseg,s0350,0.010283652693033218,0.011200031265616417,0.011937365867197514
totalseg,s0358,0.0077157337218523026,0.008430629968643188,0.010351216420531273
totalseg,s0361,0.009392744861543179,0.010438711382448673,0.011101038195192814
totalseg,s0362,0.007819483056664467,0.008660491555929184,0.00913576502352953
totalseg,s0367,0.020070381462574005,0.02136257477104664,0.022563792765140533
totalseg,s0369,0.008995717391371727,0.009815702214837074,0.011593131348490715
totalseg,s0370,0.008545614778995514,0.011342819780111313,0.013675377704203129
totalseg,s0371,0.011462682858109474,0.01390516385436058,0.015049666166305542
totalseg,s0375,0.00815228745341301,0.009345903992652893,0.010034552775323391
totalseg,s0376,0.020809609442949295,0.02218499965965748,0.023658059537410736
totalseg,s0377,0.013010851107537746,0.016041401773691177,0.016949620097875595
totalseg,s0381,0.02065599337220192,0.021982580423355103,0.022329656407237053
totalseg,s0383,0.015208577737212181,0.017539622262120247,0.018407780677080154
totalseg,s0385,0.020821155980229378,0.02323511615395546,0.02433139458298683
totalseg,s0389,0.018374158069491386,0.021068202331662178,0.021781373769044876
totalseg,s0393,0.01717148721218109,0.01843933016061783,0.019321773201227188
totalseg,s0399,0.0202921275049448,0.020857451483607292,0.021375924348831177
totalseg,s0402,0.010629885829985142,0.011421266943216324,0.01252075843513012
totalseg,s0408,0.007578427437692881,0.008200873620808125,0.009195595979690552
totalseg,s0412,0.00733117526397109,0.01156498584896326,0.013375175185501575
totalseg,s0418,0.05342356860637665,0.060140155255794525,0.06131582707166672
totalseg,s0419,0.010128369554877281,0.011586428619921207,0.012133467011153698
totalseg,s0420,0.020281849429011345,0.022120831534266472,0.023176217451691628
totalseg,s0421,0.013346117921173573,0.015138852410018444,0.016156885772943497
totalseg,s0423,0.008881702087819576,0.00939406082034111,0.010252847336232662
totalseg,s0426,0.011633793823421001,0.015934929251670837,0.016873739659786224
totalseg,s0429,0.00817003846168518,0.009487714618444443,0.010032533667981625
totalseg,s0431,0.01113895419985056,0.012173726223409176,0.01453088503330946
totalseg,s0436,0.012832840904593468,0.015095232054591179,0.01595781370997429
totalseg,s0440,0.009292438626289368,0.010501524433493614,0.011495656333863735
totalseg,s0442,0.01261957362294197,0.014126339927315712,0.01499233115464449
totalseg,s0443,0.0269278846681118,0.02837073802947998,0.029351577162742615
totalseg,s0446,0.010481206700205803,0.011798003688454628,0.012414611876010895
totalseg,s0447,0.0074301245622336864,0.008619857020676136,0.009653635323047638
totalseg,s0454,0.01020854152739048,0.012699509039521217,0.014633032493293285
totalseg,s0456,0.007961264811456203,0.00947754830121994,0.010432682000100613
totalseg,s0461,0.00738579360768199,0.008313109166920185,0.009138667955994606
totalseg,s0467,0.008515672758221626,0.009134689345955849,0.009982344694435596
totalseg,s0468,0.007336914539337158,0.010001400485634804,0.0104651665315032
totalseg,s0472,0.008331626653671265,0.008579879067838192,0.009518840350210667
totalseg,s0475,0.008981461636722088,0.009335121139883995,0.010707964189350605
totalseg,s0476,0.008847209624946117,0.010046294890344143,0.011857585981488228
totalseg,s0477,0.010646099224686623,0.012447722256183624,0.013839950785040855
totalseg,s0483,0.008033443242311478,0.00851941853761673,0.00926207471638918
totalseg,s0484,0.008062761276960373,0.009890199638903141,0.011072191409766674
totalseg,s0487,0.019649462774395943,0.021146059036254883,0.022386476397514343
totalseg,s0498,0.013907834887504578,0.015166537836194038,0.015970509499311447
totalseg,s0500,0.008514177985489368,0.009702125564217567,0.010754999704658985
totalseg,s0502,0.012670197524130344,0.013710791245102882,0.014557579532265663
totalseg,s0506,0.00978337973356247,0.013824660331010818,0.014975883066654205
totalseg,s0507,0.011448657140135765,0.01178475096821785,0.013202143833041191
totalseg,s0510,0.016414310783147812,0.01812197081744671,0.019179649651050568
totalseg,s0511,0.008273442275822163,0.01065952330827713,0.011966372840106487
totalseg,s0516,0.011808470822870731,0.013433542102575302,0.01468817051500082
totalseg,s0519,0.007720501162111759,0.009529203176498413,0.010162054561078548
totalseg,s0536,0.009980768896639347,0.011303409934043884,0.012034434825181961
totalseg,s0543,0.008723744191229343,0.009134983643889427,0.009967816062271595
totalseg,s0546,0.007389230653643608,0.00851502362638712,0.010205116122961044
totalseg,s0548,0.012540586292743683,0.013585681095719337,0.014008239842951298
totalseg,s0549,0.006950661540031433,0.00805249996483326,0.009535307995975018
totalseg,s0550,0.00682557187974453,0.008518661372363567,0.009297355078160763
totalseg,s0551,0.0156344473361969,0.01708090677857399,0.019173458218574524
totalseg,s0556,0.0073032137006521225,0.008788024075329304,0.010359786450862885
totalseg,s0561,0.014319677837193012,0.017238952219486237,0.017794085666537285
totalseg,s0564,0.014109563082456589,0.015214843675494194,0.016224417835474014
totalseg,s0571,0.008837507106363773,0.009580547921359539,0.010385357774794102
totalseg,s0573,0.011158746667206287,0.01173089537769556,0.012689724564552307
totalseg,s0574,0.011900847777724266,0.012447389774024487,0.01340571604669094
totalseg,s0577,0.011220659129321575,0.012623450718820095,0.013624756596982479
totalseg,s0578,0.014506137929856777,0.01875002682209015,0.02000742405653
totalseg,s0581,0.01919267140328884,0.020134147256612778,0.020532820373773575
totalseg,s0587,0.006984118837863207,0.008976374752819538,0.009792505763471127
totalseg,s0588,0.03998783975839615,0.04816312715411186,0.049190130084753036
totalseg,s0589,0.008586662821471691,0.010148759931325912,0.011192547157406807
totalseg,s0591,0.008497987873852253,0.010289274156093597,0.012809989042580128
totalseg,s0592,0.00866102334111929,0.011622443795204163,0.012705192901194096
totalseg,s0593,0.006567539181560278,0.008181426674127579,0.009334810078144073
totalseg,s0595,0.02855616807937622,0.03227641433477402,0.032886214554309845
totalseg,s0600,0.0116808470338583,0.013091009110212326,0.013562550768256187
totalseg,s0601,0.020614339038729668,0.02137816697359085,0.02223307266831398
totalseg,s0602,0.012166808359324932,0.015302610583603382,0.01635916158556938
totalseg,s0603,0.009010127745568752,0.009716840460896492,0.010506797581911087
totalseg,s0605,0.009905733168125153,0.011336571536958218,0.011998231522738934
totalseg,s0608,0.018112828955054283,0.01941428706049919,0.02107285149395466
totalseg,s0611,0.02942812070250511,0.030649859458208084,0.0318448469042778
totalseg,s0612,0.008841542527079582,0.009781473316252232,0.010428541339933872
totalseg,s0613,0.008736511692404747,0.009272507391870022,0.009876220487058163
totalseg,s0614,0.02966323122382164,0.03176804259419441,0.03264445438981056
totalseg,s0616,0.00911272969096899,0.010313011705875397,0.012746309861540794
totalseg,s0617,0.008905901573598385,0.009459124878048897,0.010706018656492233
totalseg,s0618,0.01833432726562023,0.0191243514418602,0.020318254828453064
totalseg,s0619,0.015234632417559624,0.016667209565639496,0.017674241214990616
totalseg,s0621,0.007918852381408215,0.010823789052665234,0.011955502443015575
totalseg,s0623,0.01044213306158781,0.012087277136743069,0.013271337375044823
totalseg,s0625,0.010833526030182838,0.011602274142205715,0.013447937555611134
totalseg,s0627,0.009253033436834812,0.009799557738006115,0.010692624375224113
totalseg,s0628,0.008431695401668549,0.010400379076600075,0.011164668016135693
totalseg,s0629,0.008088221773505211,0.009830143302679062,0.010451195761561394
totalseg,s0635,0.008029389195144176,0.008739239536225796,0.009480979293584824
totalseg,s0637,0.008697581477463245,0.00966358557343483,0.01041504554450512
totalseg,s0638,0.027918992564082146,0.029836900532245636,0.03094864822924137
totalseg,s0639,0.009527888149023056,0.010939430445432663,0.011428979225456715
totalseg,s0644,0.0077959815971553326,0.009096632711589336,0.009602261707186699
totalseg,s0646,0.0077770790085196495,0.00851216446608305,0.009554709307849407
totalseg,s0648,0.011398695409297943,0.014199175871908665,0.015276714228093624
totalseg,s0649,0.009061343967914581,0.009778816252946854,0.010556136257946491
totalseg,s0650,0.008234829641878605,0.010138611309230328,0.012129917740821838
totalseg,s0652,0.025093885138630867,0.02613389864563942,0.026646926999092102
totalseg,s0656,0.011028786189854145,0.011999061331152916,0.013628396205604076
totalseg,s0657,0.0067621078342199326,0.008809728547930717,0.009546304121613503
totalseg,s0661,0.007764720823615789,0.009492781944572926,0.010061332024633884
totalseg,s0662,0.010866828262805939,0.01136280968785286,0.013212264515459538
totalseg,s0663,0.008765139617025852,0.010127058252692223,0.011496306397020817
totalseg,s0667,0.00746825011447072,0.009072985500097275,0.009685215540230274
totalseg,s0669,0.0070241903886199,0.007978924550116062,0.00902923010289669
totalseg,s0670,0.009881255216896534,0.012484489940106869,0.013404508121311665
totalseg,s0673,0.01740989461541176,0.02001737430691719,0.020805723965168
totalseg,s0675,0.011129254475235939,0.012267709709703922,0.013365891762077808
totalseg,s0680,0.007500980980694294,0.009291480295360088,0.00978852529078722
totalseg,s0685,0.01158839650452137,0.012390115298330784,0.013835304416716099
totalseg,s0686,0.01149955578148365,0.012138757854700089,0.014374482445418835
totalseg,s0687,0.01583494432270527,0.019722955301404,0.021085567772388458
totalseg,s0690,0.012444792315363884,0.014648719690740108,0.016423895955085754
totalseg,s0691,0.008554254658520222,0.010351593606173992,0.011122015304863453
totalseg,s0692,0.0076171294786036015,0.010884219780564308,0.011426360346376896
totalseg,s0697,0.016103919595479965,0.019981088116765022,0.020759757608175278
totalseg,s0699,0.009671591222286224,0.010974802076816559,0.011638941243290901
totalseg,s0703,0.008214876987040043,0.009265614673495293,0.010732294991612434
totalseg,s0707,0.009114664047956467,0.010391222313046455,0.01171292457729578
totalseg,s0708,0.012449760921299458,0.013162070885300636,0.014057554304599762
totalseg,s0709,0.01503794640302658,0.016060426831245422,0.017523108050227165
totalseg,s0712,0.02721322700381279,0.028187356889247894,0.029155218973755836
totalseg,s0720,0.008445723913609982,0.009341535158455372,0.010625789873301983
totalseg,s0723,0.012532906606793404,0.015229467302560806,0.01621606945991516
totalseg,s0724,0.007000139448791742,0.00876534916460514,0.01062773447483778
totalseg,s0726,0.008200774900615215,0.009049683809280396,0.009757607243955135
totalseg,s0727,0.011169633828103542,0.015356248244643211,0.017551368102431297
totalseg,s0730,0.038077108561992645,0.03971242159605026,0.040487371385097504
totalseg,s0731,0.008337818086147308,0.00904668029397726,0.009583139792084694
totalseg,s0733,0.008208483457565308,0.008997787721455097,0.010132620111107826
totalseg,s0736,0.01941005513072014,0.020263057202100754,0.021564152091741562
totalseg,s0739,0.010757672600448132,0.011696510948240757,0.013355779461562634
totalseg,s0740,0.03541678935289383,0.03848515450954437,0.03919273987412453
totalseg,s0751,0.010309958830475807,0.012974521145224571,0.01385207287967205
totalseg,s0754,0.007304799277335405,0.007948936894536018,0.00916120782494545
totalseg,s0759,0.019678663462400436,0.020961236208677292,0.023221904411911964
totalseg,s0760,0.010206048376858234,0.011354960501194,0.01224509160965681
totalseg,s0762,0.007662409916520119,0.008154707960784435,0.010413547977805138
totalseg,s0763,0.009285137988626957,0.010054816491901875,0.010730871930718422
totalseg,s0764,0.008758939802646637,0.011113084852695465,0.012185188010334969
totalseg,s0765,0.01075757946819067,0.013939499855041504,0.015361703932285309
totalseg,s0770,0.01653057523071766,0.017204999923706055,0.01853346638381481
totalseg,s0772,0.030373813584446907,0.03219202533364296,0.03339604288339615
totalseg,s0774,0.010920731350779533,0.015584987588226795,0.01689349114894867
totalseg,s0775,0.017838990315794945,0.018533999100327492,0.020598525181412697
totalseg,s0776,0.03353942558169365,0.03475832939147949,0.03553905338048935
totalseg,s0777,0.006185002624988556,0.008203588426113129,0.009007511660456657
totalseg,s0778,0.009372646920382977,0.010374296456575394,0.011970353312790394
totalseg,s0785,0.01610967330634594,0.016629314050078392,0.018060840666294098
totalseg,s0786,0.044236406683921814,0.05252881720662117,0.05317213013768196
totalseg,s0790,0.006964762695133686,0.009444527328014374,0.009707245975732803
totalseg,s0791,0.023962920531630516,0.025175638496875763,0.026689384132623672
totalseg,s0794,0.008624428883194923,0.009814023040235043,0.010621150024235249
totalseg,s0795,0.01444974821060896,0.0157327763736248,0.01646094210445881
totalseg,s0796,0.0070859757252037525,0.008344094268977642,0.008695404045283794
totalseg,s0797,0.009030439890921116,0.009799186140298843,0.010760171338915825
totalseg,s0798,0.017713384702801704,0.018610676750540733,0.019456636160612106
totalseg,s0801,0.014283188618719578,0.015400003641843796,0.016098279505968094
totalseg,s0802,0.01951979286968708,0.020793182775378227,0.02235068380832672
totalseg,s0804,0.011361605487763882,0.013317663222551346,0.014395833015441895
totalseg,s0806,0.010386267676949501,0.01203568372875452,0.012617802247405052
totalseg,s0807,0.008518415503203869,0.010099705308675766,0.011215289123356342
totalseg,s0808,0.017445476725697517,0.018265074118971825,0.020122818648815155
totalseg,s0812,0.007777749560773373,0.008734476752579212,0.009579597041010857
totalseg,s0815,0.008233844302594662,0.009194906800985336,0.009921482764184475
totalseg,s0816,0.016695085912942886,0.017179341986775398,0.019592607393860817
totalseg,s0818,0.016501404345035553,0.01717665046453476,0.017771435901522636
totalseg,s0819,0.01947726123034954,0.020183004438877106,0.020620541647076607
totalseg,s0821,0.015001274645328522,0.017732204869389534,0.01839478127658367
totalseg,s0824,0.016546571627259254,0.017967434599995613,0.018636105582118034
totalseg,s0829,0.01753133535385132,0.018605580553412437,0.01962464116513729
totalseg,s0830,0.008276327513158321,0.009944400750100613,0.01073006447404623
totalseg,s0831,0.007538640405982733,0.008978958241641521,0.009787649847567081
totalseg,s0833,0.019404850900173187,0.02023487165570259,0.022350788116455078
totalseg,s0835,0.008951764553785324,0.009930499829351902,0.010218990035355091
totalseg,s0836,0.009411688894033432,0.011179878376424313,0.012003917247056961
totalseg,s0840,0.020883841440081596,0.02260015718638897,0.024044757708907127
totalseg,s0842,0.009377427399158478,0.010580492205917835,0.012415261007845402
totalseg,s0844,0.01664821058511734,0.018340960144996643,0.018937500193715096
totalseg,s0858,0.026459746062755585,0.0270753912627697,0.028564775362610817
totalseg,s0859,0.01223739143460989,0.012927954085171223,0.01447984017431736
totalseg,s0860,0.008992996998131275,0.010522506199777126,0.011872121132910252
totalseg,s0862,0.01343790628015995,0.014271444641053677,0.015247896313667297
totalseg,s0863,0.008054513484239578,0.009608021005988121,0.010203934274613857
totalseg,s0864,0.00788007490336895,0.009445314295589924,0.009980334900319576
totalseg,s0869,0.008527148514986038,0.009824677370488644,0.011164721101522446
totalseg,s0873,0.02359410747885704,0.023941978812217712,0.024710791185498238
totalseg,s0878,0.008082816377282143,0.00946099404245615,0.010236346162855625
totalseg,s0880,0.00995662435889244,0.011320967227220535,0.012441841885447502
totalseg,s0884,0.008873313665390015,0.009546774439513683,0.011341145262122154
totalseg,s0885,0.00859336368739605,0.010623996146023273,0.012414433993399143
totalseg,s0894,0.012198012322187424,0.01304076798260212,0.014205380342900753
totalseg,s0895,0.013678024522960186,0.016015416011214256,0.017792686820030212
totalseg,s0896,0.006820600479841232,0.008718455210328102,0.009609338827431202
totalseg,s0899,0.006374453194439411,0.007741139270365238,0.00815275777131319
totalseg,s0903,0.0074006631039083,0.009054350666701794,0.009667359292507172
totalseg,s0904,0.012306765653192997,0.012657581828534603,0.013946184888482094
totalseg,s0907,0.01450682058930397,0.014992645010352135,0.015679167583584785
totalseg,s0910,0.018964683637022972,0.019848622381687164,0.02079601399600506
totalseg,s0912,0.008714486844837666,0.009183399379253387,0.01016824971884489
totalseg,s0913,0.008306722156703472,0.010191758163273335,0.01074863038957119
totalseg,s0915,0.012291683815419674,0.013690079562366009,0.014651073142886162
totalseg,s0916,0.009726474992930889,0.010770177468657494,0.011063698679208755
totalseg,s0918,0.008677493780851364,0.010172602720558643,0.011027831584215164
totalseg,s0921,0.029514780268073082,0.031103268265724182,0.03172913193702698
totalseg,s0923,0.008318914100527763,0.009278015233576298,0.010205747559666634
totalseg,s0924,0.011996222659945488,0.0125353392213583,0.01385684497654438
totalseg,s0927,0.008457477204501629,0.012359646148979664,0.013724497519433498
totalseg,s0928,0.00996139645576477,0.011473956517875195,0.012332039885222912
totalseg,s0930,0.020248018205165863,0.021195081993937492,0.02188258431851864
totalseg,s0931,0.011926776729524136,0.014402775093913078,0.0156941469758749
totalseg,s0933,0.006605485919862986,0.01085380557924509,0.011514080688357353
totalseg,s0937,0.007152920588850975,0.008396429941058159,0.009195863269269466
totalseg,s0939,0.011070690117776394,0.01200930681079626,0.012864799238741398
totalseg,s0940,0.012510684318840504,0.012929446995258331,0.013546799309551716
totalseg,s0944,0.014408116228878498,0.015112117864191532,0.017078997567296028
totalseg,s0945,0.006688312161713839,0.008038208819925785,0.008558958768844604
totalseg,s0947,0.025508293882012367,0.025994788855314255,0.026710541918873787
totalseg,s0950,0.012835257686674595,0.013694223016500473,0.015482709743082523
totalseg,s0951,0.00970960408449173,0.01032860018312931,0.011282680556178093
totalseg,s0953,0.029286114498972893,0.03754603490233421,0.03940599784255028
totalseg,s0957,0.009339912794530392,0.010394014418125153,0.010765910148620605
totalseg,s0959,0.010528338141739368,0.013871634379029274,0.01499486155807972
totalseg,s0961,0.008693397976458073,0.00910073984414339,0.009921357035636902
totalseg,s0963,0.013108775019645691,0.014257087372243404,0.01578815095126629
totalseg,s0965,0.01281372457742691,0.015309412032365799,0.016377875581383705
totalseg,s0970,0.007753334473818541,0.011670416221022606,0.013294260017573833
totalseg,s0971,0.008485251106321812,0.010126188397407532,0.01112194824963808
totalseg,s0976,0.017717547714710236,0.018587779253721237,0.019642390310764313
totalseg,s0981,0.01916593685746193,0.020054856315255165,0.020673591643571854
totalseg,s0982,0.007830358110368252,0.010233567096292973,0.011375609785318375
totalseg,s0983,0.011616447940468788,0.013711399398744106,0.014746581204235554
totalseg,s0985,0.007923288270831108,0.00926223210990429,0.009778253734111786
totalseg,s0986,0.008355356752872467,0.010745896957814693,0.012988732196390629
totalseg,s0988,0.009822008199989796,0.011125268414616585,0.012258176691830158
totalseg,s0991,0.015084984712302685,0.01693209633231163,0.017729705199599266
totalseg,s0992,0.010156585834920406,0.010907100513577461,0.011567646637558937
totalseg,s0994,0.01143300998955965,0.012029344215989113,0.01255103014409542
totalseg,s1004,0.016454091295599937,0.01704348623752594,0.018441682681441307
totalseg,s1005,0.03267417848110199,0.03502365201711655,0.03591897338628769
totalseg,s1006,0.00950480718165636,0.010740713216364384,0.012035898864269257
totalseg,s1008,0.009323876351118088,0.011130270548164845,0.012018191628158092
totalseg,s1009,0.031943321228027344,0.03304861858487129,0.034138306975364685
totalseg,s1012,0.00778257055208087,0.009122468531131744,0.01029010396450758
totalseg,s1013,0.014169124886393547,0.0173373781144619,0.01849396340548992
totalseg,s1016,0.007126696407794952,0.007864040322601795,0.008652438409626484
totalseg,s1024,0.009565800428390503,0.011244951747357845,0.011823202483355999
totalseg,s1025,0.028395891189575195,0.030206145718693733,0.03153716027736664
totalseg,s1026,0.017878618091344833,0.01893484964966774,0.020475776866078377
totalseg,s1029,0.007127358578145504,0.00809832289814949,0.00891473051160574
totalseg,s1031,0.007135947700589895,0.008816893212497234,0.009215857833623886
totalseg,s1038,0.013385592959821224,0.014992092736065388,0.01559415552765131
totalseg,s1041,0.00856136716902256,0.0095599927008152,0.010531465522944927
totalseg,s1044,0.01112312451004982,0.01187120657414198,0.013597068376839161
totalseg,s1045,0.008715266361832619,0.011247006244957447,0.01379044447094202
totalseg,s1046,0.013540108688175678,0.014270700514316559,0.01515639666467905
totalseg,s1050,0.019614338874816895,0.020462971180677414,0.02148185856640339
totalseg,s1057,0.015783807262778282,0.018913747742772102,0.02065049484372139
totalseg,s1061,0.007333594374358654,0.008666039444506168,0.010401581414043903
totalseg,s1062,0.01298443041741848,0.013777114450931549,0.015292754396796227
totalseg,s1063,0.00840386375784874,0.009568869136273861,0.010750261135399342
totalseg,s1068,0.03932582959532738,0.04012789949774742,0.04123995825648308
totalseg,s1069,0.012444399297237396,0.013130493462085724,0.013553607277572155
totalseg,s1070,0.008221392519772053,0.009592163376510143,0.010146512649953365
totalseg,s1077,0.012840253300964832,0.015046262182295322,0.01574421115219593
totalseg,s1082,0.00773574085906148,0.01063691359013319,0.012414248660206795
totalseg,s1085,0.011789974756538868,0.012520692311227322,0.01353203970938921
totalseg,s1086,0.010792095214128494,0.012112908065319061,0.01333552971482277
totalseg,s1088,0.0076650166884064674,0.009550505317747593,0.01017586886882782
totalseg,s1089,0.009414318017661572,0.011997489258646965,0.013295021839439869
totalseg,s1090,0.011065610684454441,0.011937345378100872,0.014038162305951118
totalseg,s1094,0.01625162549316883,0.019740484654903412,0.021245518699288368
totalseg,s1098,0.008827190846204758,0.013199850916862488,0.015300311148166656
totalseg,s1099,0.007169554941356182,0.008703275583684444,0.009396731853485107
totalseg,s1101,0.015611015260219574,0.017086507752537727,0.018346892669796944
totalseg,s1103,0.018172137439250946,0.0238376185297966,0.025376077741384506
totalseg,s1104,0.013175681233406067,0.01812155731022358,0.019779449328780174
totalseg,s1111,0.01145961694419384,0.012249666266143322,0.013138148933649063
totalseg,s1119,0.011163161136209965,0.012963862158358097,0.014722618274390697
totalseg,s1120,0.010876086540520191,0.012213190086185932,0.013964307494461536
totalseg,s1121,0.007217019330710173,0.009159442037343979,0.010060762986540794
totalseg,s1123,0.006558548659086227,0.0076696788892149925,0.008805315010249615
totalseg,s1124,0.008328209631145,0.009876495227217674,0.011209877207875252
totalseg,s1125,0.009436470456421375,0.010724877938628197,0.011481737717986107
totalseg,s1127,0.007765868213027716,0.008987675420939922,0.009621907025575638
totalseg,s1128,0.01740070804953575,0.01776297762989998,0.019036440178751945
totalseg,s1132,0.01605387218296528,0.01747167855501175,0.019725462421774864
totalseg,s1135,0.00848003476858139,0.009484877809882164,0.010646416805684566
totalseg,s1136,0.015996793285012245,0.017954012379050255,0.018862664699554443
totalseg,s1137,0.014364470727741718,0.015824150294065475,0.016402119770646095
totalseg,s1141,0.020387040451169014,0.021438265219330788,0.02183297835290432
totalseg,s1142,0.013747443445026875,0.01729224994778633,0.01878281496465206
totalseg,s1143,0.009713881649076939,0.010496015660464764,0.012402326799929142
totalseg,s1145,0.011018195189535618,0.013688569888472557,0.014754160307347775
totalseg,s1146,0.0152007220312953,0.0167572982609272,0.01829405315220356
totalseg,s1151,0.00979183055460453,0.010918508283793926,0.011893918737769127
totalseg,s1152,0.006689189001917839,0.007436576299369335,0.00805420521646738
totalseg,s1155,0.01492050476372242,0.016505783423781395,0.017721086740493774
totalseg,s1159,0.00645908759906888,0.008267806842923164,0.008838772773742676
totalseg,s1161,0.007166307885199785,0.007273797877132893,0.008293400518596172
totalseg,s1168,0.019212443381547928,0.02131623402237892,0.022732654586434364
totalseg,s1171,0.006739898584783077,0.009743435308337212,0.010307122021913528
totalseg,s1174,0.010656381957232952,0.012587313540279865,0.013912768103182316
totalseg,s1176,0.011667069979012012,0.012623719871044159,0.013354092836380005
totalseg,s1178,0.010232300497591496,0.015007016249001026,0.017526909708976746
totalseg,s1182,0.010181311517953873,0.011837764643132687,0.012726496905088425
totalseg,s1189,0.009972385130822659,0.01190225314348936,0.012577894143760204
totalseg,s1191,0.01064428873360157,0.012305003590881824,0.013029229827225208
totalseg,s1197,0.016972273588180542,0.018130790442228317,0.018647827208042145
totalseg,s1206,0.010476370342075825,0.011156435124576092,0.011804875917732716
totalseg,s1207,0.005698306020349264,0.008613155223429203,0.010245395824313164
totalseg,s1208,0.010133500210940838,0.01212320476770401,0.012696538120508194
totalseg,s1209,0.010481308214366436,0.011921975761651993,0.012427029199898243
totalseg,s1210,0.009887288324534893,0.011154740117490292,0.012282329611480236
totalseg,s1215,0.04166804254055023,0.04742078110575676,0.04926353693008423
totalseg,s1218,0.16406534612178802,0.172501340508461,0.1749325692653656
totalseg,s1222,0.07897213846445084,0.08704043179750443,0.08886486291885376
totalseg,s1223,0.013787020929157734,0.015502318739891052,0.01575441285967827
totalseg,s1224,0.009642374701797962,0.011088584549725056,0.012258745729923248
totalseg,s1226,0.013008580543100834,0.013687201775610447,0.014259221032261848
totalseg,s1228,0.00824930053204298,0.012800268828868866,0.013518208637833595
totalseg,s1233,0.008784061297774315,0.010355094447731972,0.011132427491247654
totalseg,s1234,0.017931226640939713,0.020164310932159424,0.02122480981051922
totalseg,s1238,0.0068594408221542835,0.0084950290620327,0.009685308672487736
totalseg,s1242,0.028327887877821922,0.03018973581492901,0.03103066049516201
totalseg,s1247,0.008856400847434998,0.009706716053187847,0.010121099650859833
totalseg,s1249,0.012290324084460735,0.014270422048866749,0.016658473759889603
totalseg,s1251,0.0089154914021492,0.011115140281617641,0.01352802012115717
totalseg,s1252,0.018575424328446388,0.024532780051231384,0.026618804782629013
totalseg,s1255,0.01065271906554699,0.011855468153953552,0.012886738404631615
totalseg,s1256,0.008182517252862453,0.009187650866806507,0.010262152180075645
totalseg,s1261,0.015619581565260887,0.017681865021586418,0.018617907539010048
totalseg,s1267,0.011504811234772205,0.012495936825871468,0.013177577406167984
totalseg,s1268,0.016555868089199066,0.01811610534787178,0.019129861146211624
totalseg,s1273,0.009220234118402004,0.01020281482487917,0.011721333488821983
totalseg,s1275,0.11074806749820709,0.11924052238464355,0.12131106853485107
totalseg,s1276,0.011134778149425983,0.011967936530709267,0.01416234765201807
totalseg,s1283,0.010555625893175602,0.011806858703494072,0.01237853616476059
totalseg,s1287,0.00835513323545456,0.009641150943934917,0.010613016784191132
totalseg,s1292,0.01413437258452177,0.01797754503786564,0.01856863498687744
totalseg,s1297,0.008329038508236408,0.009881757199764252,0.01076688151806593
totalseg,s1298,0.007619400508701801,0.00999708566814661,0.01165513414889574
totalseg,s1301,0.012474402785301208,0.012629391625523567,0.01338785607367754
totalseg,s1304,0.009618165902793407,0.011525618843734264,0.013228172436356544
totalseg,s1307,0.010020014829933643,0.010660069063305855,0.010901492089033127
totalseg,s1308,0.01296571921557188,0.014057398773729801,0.014963455498218536
totalseg,s1314,0.013006173074245453,0.01468011923134327,0.016884446144104004
totalseg,s1318,0.02308330498635769,0.02503272332251072,0.02659176103770733
totalseg,s1321,0.012005450204014778,0.01673739403486252,0.019853664562106133
totalseg,s1334,0.010601629503071308,0.011693630367517471,0.012314488179981709
totalseg,s1336,0.010321331210434437,0.010806776583194733,0.012042544782161713
totalseg,s1340,0.008434721268713474,0.010428601875901222,0.010926511138677597
totalseg,s1344,0.014371812343597412,0.016986597329378128,0.017824050039052963
totalseg,s1348,0.012333536520600319,0.012793499045073986,0.013468721881508827
totalseg,s1349,0.008962114341557026,0.010881355032324791,0.011265046894550323
totalseg,s1350,0.008056058548390865,0.012343659065663815,0.013992061838507652
totalseg,s1354,0.008601455017924309,0.011081559583544731,0.011925305239856243
totalseg,s1355,0.007789053954184055,0.01002184022217989,0.010669075883924961
totalseg,s1358,0.012154565192759037,0.015547708608210087,0.016687940806150436
totalseg,s1361,0.008811233565211296,0.009759988635778427,0.01057447586208582
totalseg,s1362,0.008212749846279621,0.009213553741574287,0.010750433430075645
totalseg,s1363,0.00851412583142519,0.009482229128479958,0.01091799046844244
totalseg,s1364,0.010457388125360012,0.012579839676618576,0.014270162209868431
totalseg,s1365,0.008583838120102882,0.00943844299763441,0.01001100242137909
totalseg,s1366,0.010242579504847527,0.012261825613677502,0.014121371321380138
totalseg,s1367,0.009875070303678513,0.01229284517467022,0.012822289951145649
totalseg,s1368,0.010402233339846134,0.011839824728667736,0.013160984963178635
totalseg,s1369,0.009018206968903542,0.01001245528459549,0.01013987883925438
totalseg,s1370,0.011958456598222256,0.01570136845111847,0.01676759123802185
totalseg,s1371,0.007701496593654156,0.009473477490246296,0.012035607360303402
totalseg,s1372,0.01111462153494358,0.014327618293464184,0.015539279207587242
totalseg,s1373,0.011592120863497257,0.012745416723191738,0.014660305343568325
totalseg,s1374,0.010042031295597553,0.010588275268673897,0.011249431408941746
totalseg,s1375,0.015740692615509033,0.01614607311785221,0.01704377867281437
totalseg,s1377,0.008520552888512611,0.009916730225086212,0.01090545579791069
totalseg,s1379,0.009584594517946243,0.011306392960250378,0.01278007123619318
totalseg,s1380,0.007489472161978483,0.009449067525565624,0.011573066003620625
totalseg,s1382,0.008225339464843273,0.009156424552202225,0.010077724233269691
totalseg,s1383,0.011538331396877766,0.011994291096925735,0.013060471974313259
totalseg,s1384,0.008245245553553104,0.011020454578101635,0.012412232346832752
totalseg,s1385,0.011615808121860027,0.014768324792385101,0.016485683619976044
totalseg,s1386,0.010246256366372108,0.011190798133611679,0.011737481690943241
totalseg,s1387,0.009243656881153584,0.00970814935863018,0.011136665940284729
totalseg,s1388,0.007479288149625063,0.008916748687624931,0.010365170426666737
totalseg,s1389,0.029657121747732162,0.03078383207321167,0.03171785920858383
totalseg,s1390,0.010445560328662395,0.011113706976175308,0.011606989428400993
totalseg,s1391,0.010032229125499725,0.010830262675881386,0.011343665421009064
totalseg,s1394,0.009771184995770454,0.010887504555284977,0.011391905136406422
totalseg,s1395,0.009846105240285397,0.010614452883601189,0.01222073845565319
totalseg,s1397,0.008840026333928108,0.009389552287757397,0.00980342272669077
totalseg,s1400,0.008958941325545311,0.009506101720035076,0.01025032252073288
totalseg,s1401,0.010449579916894436,0.013287019915878773,0.014436150901019573
totalseg,s1403,0.010374278761446476,0.011801064014434814,0.012293343432247639
totalseg,s1404,0.010404221713542938,0.012077693827450275,0.012568825855851173
totalseg,s1405,0.011686566285789013,0.012289391830563545,0.013627217151224613
totalseg,s1411,0.01074665505439043,0.0116832684725523,0.012155246920883656
totalseg,s1412,0.010437020100653172,0.011116082780063152,0.011663819663226604
totalseg,s1413,0.007794413715600967,0.009246164001524448,0.011164265684783459
totalseg,s1414,0.012767859734594822,0.014220121316611767,0.015192467719316483
totalseg,s1415,0.007552046328783035,0.00922827236354351,0.010132363997399807
totalseg,s1418,0.013867953792214394,0.01568862423300743,0.016701268032193184
totalseg,s1420,0.010560029186308384,0.012350737117230892,0.013853359967470169
totalseg,s1421,0.008329732343554497,0.00972724985331297,0.011098308488726616
totalseg,s1422,0.007411103695631027,0.00844875443726778,0.009141380898654461
totalseg,s1423,0.010706065222620964,0.011779943481087685,0.013249799609184265
totalseg,s1424,0.008288626559078693,0.009718671441078186,0.010137718170881271
