case_id,our_aorta_ml,ts_aorta_ml,diff_aorta_ml,our_r_iliac_ml,ts_r_iliac_ml,diff_r_iliac_ml,our_l_iliac_ml,ts_l_iliac_ml,diff_l_iliac_ml
s0000,15.009,0.000,15.009,3.189,2.126,1.063,2.494,3.898,-1.404
s0001,0.000,35.697,-35.697,1.691,13.088,-11.397,1.583,10.132,-8.549
s0004,275.903,191.980,83.923,91.381,17.867,73.514,29.025,17.800,11.225
s0006,0.000,28.252,-28.252,0.358,18.546,-18.188,0.449,17.472,-17.023
s0010,106.572,99.910,6.662,17.834,12.660,5.174,20.912,10.766,10.145
s0011,246.692,192.169,54.523,29.673,12.896,16.777,23.740,13.422,10.317
s0012,99.579,101.149,-1.569,24.607,12.450,12.157,31.894,11.758,20.135
s0013,68.361,62.495,5.866,18.748,17.115,1.633,27.324,17.317,10.007
s0014,110.444,100.477,9.966,19.578,14.850,4.728,29.339,13.787,15.552
s0015,141.770,180.482,-38.711,24.519,22.764,1.755,35.360,24.945,10.415
s0016,127.096,168.024,-40.929,28.897,21.067,7.830,24.550,19.612,4.938
s0022,5.903,61.776,-55.873,0.402,18.556,-18.154,0.294,18.562,-18.269
s0028,214.086,160.407,53.679,26.109,10.770,15.339,19.241,10.179,9.062
s0029,411.149,435.682,-24.533,31.536,25.191,6.345,43.288,26.652,16.635
s0030,116.927,119.809,-2.882,20.662,16.878,3.783,23.581,18.637,4.944
s0031,102.641,94.848,7.793,12.865,17.415,-4.550,15.741,13.881,1.860
s0034,34.243,31.198,3.044,6.136,6.018,0.118,4.141,9.332,-5.191
s0038,86.606,64.857,21.748,37.753,15.032,22.721,25.258,13.692,11.566
s0039,43.926,44.476,-0.550,0.000,0.000,0.000,0.000,0.000,0.000
s0040,199.597,203.293,-3.696,26.517,16.966,9.551,30.078,15.970,14.107
s0042,84.956,80.129,4.826,22.974,17.260,5.714,21.428,15.380,6.048
s0045,185.065,258.717,-73.653,66.865,40.213,26.652,53.146,39.342,13.804
s0048,94.500,115.567,-21.067,0.000,0.395,-0.395,0.068,0.412,-0.344
s0052,160.866,146.516,14.350,32.451,24.175,8.276,42.626,25.232,17.395
s0053,183.117,91.365,91.753,43.851,24.047,19.804,26.993,20.861,6.132
s0054,86.150,79.174,6.976,19.724,14.985,4.739,27.240,16.406,10.834
s0058,103.582,104.416,-0.834,17.962,13.942,4.020,28.326,14.911,13.416
s0059,173.144,182.598,-9.453,11.856,7.412,4.445,12.015,8.080,3.935
s0062,0.115,9.619,-9.504,0.010,10.712,-10.702,0.000,9.821,-9.821
s0065,356.903,346.582,10.321,78.330,46.615,31.715,67.055,53.123,13.932
s0066,12.049,27.094,-15.046,1.367,10.483,-9.116,1.455,12.393,-10.938
s0070,92.367,106.998,-14.631,0.000,0.175,-0.175,0.196,0.202,-0.007
s0071,210.587,209.307,1.279,7.675,7.155,0.520,8.778,7.324,1.455
s0072,138.105,121.996,16.109,27.942,18.431,9.511,28.600,20.186,8.414
s0073,18.036,91.992,-73.956,3.642,27.908,-24.266,7.030,27.159,-20.129
s0074,0.000,3.493,-3.493,2.079,25.508,-23.429,0.047,19.956,-19.909
s0075,142.975,134.919,8.056,37.803,24.472,13.331,38.792,25.883,12.909
s0077,110.605,95.421,15.184,22.677,20.041,2.636,34.469,22.677,11.792
s0078,118.162,109.623,8.539,46.042,25.154,20.888,19.717,20.827,-1.110
s0082,58.340,54.594,3.746,14.988,12.056,2.933,22.400,13.709,8.691
s0086,321.580,314.938,6.642,42.464,27.827,14.637,16.230,25.596,-9.366
s0088,66.882,94.068,-27.186,0.000,0.000,0.000,0.000,0.000,0.000
s0089,119.681,81.773,37.908,41.944,14.540,27.405,21.985,12.990,8.994
s0090,70.119,60.919,9.200,26.568,15.441,11.127,20.645,14.853,5.792
s0091,422.786,428.949,-6.163,50.848,36.204,14.644,48.026,35.205,12.822
s0092,0.007,22.042,-22.035,2.967,13.196,-10.230,0.314,10.385,-10.071
s0096,165.810,203.755,-37.945,27.945,22.737,5.208,34.557,21.765,12.791
s0098,23.112,43.328,-20.216,5.653,16.872,-11.219,2.606,14.131,-11.526
s0103,3.227,0.000,3.227,0.000,0.000,0.000,0.000,0.000,0.000
s0104,0.000,6.740,-6.740,5.343,12.575,-7.233,0.219,12.636,-12.417
s0106,123.056,131.156,-8.100,0.135,0.111,0.024,0.125,0.118,0.007
s0107,114.105,114.180,-0.074,21.441,20.999,0.442,36.426,20.142,16.284
s0108,86.802,70.494,16.308,68.837,23.949,44.888,31.688,23.436,8.252
s0109,132.961,112.364,20.598,23.082,14.958,8.124,21.094,18.741,2.352
s0117,31.310,68.317,-37.007,0.499,22.545,-22.045,1.613,20.675,-19.062
s0119,107.885,123.846,-15.960,25.930,20.358,5.572,19.366,20.419,-1.053
s0120,94.983,86.579,8.404,24.843,19.919,4.924,25.744,20.530,5.214
s0123,264.340,278.481,-14.141,1.684,0.000,1.684,0.003,0.000,0.003
s0124,295.144,291.364,3.780,55.772,39.636,16.136,64.020,45.114,18.907
s0131,22.953,51.482,-28.529,8.616,26.338,-17.722,0.847,22.096,-21.249
s0132,0.283,53.986,-53.703,0.000,0.000,0.000,0.000,0.000,0.000
s0133,105.108,106.353,-1.245,41.391,23.996,17.395,19.393,22.710,-3.318
s0137,83.889,75.374,8.515,19.659,16.139,3.520,21.630,15.694,5.937
s0139,36.298,31.330,4.968,25.880,12.140,13.740,14.472,12.552,1.920
s0141,223.374,229.017,-5.643,21.023,13.223,7.800,27.904,20.115,7.790
s0143,3.746,46.690,-42.944,3.389,18.424,-15.036,0.550,14.813,-14.263
s0145,431.723,467.130,-35.407,26.747,19.524,7.222,24.297,18.593,5.704
s0146,277.908,288.330,-10.422,0.000,0.000,0.000,0.000,0.000,0.000
s0151,74.966,83.609,-8.643,5.252,19.210,-13.959,5.781,22.154,-16.372
s0153,86.069,80.052,6.018,33.845,17.763,16.082,19.136,17.864,1.272
s0156,58.455,59.646,-1.191,0.000,0.000,0.000,0.000,0.000,0.000
s0157,69.174,59.275,9.899,21.465,10.959,10.506,8.346,10.189,-1.843
s0158,68.462,76.862,-8.400,38.458,22.656,15.802,21.573,21.772,-0.199
s0160,36.514,84.493,-47.979,0.290,0.000,0.290,0.000,0.000,0.000
s0161,72.009,61.901,10.108,37.500,22.420,15.080,23.173,21.661,1.512
s0162,243.854,268.913,-25.059,0.000,0.000,0.000,0.024,0.000,0.024
s0163,488.818,462.456,26.362,33.379,18.917,14.462,29.349,15.090,14.259
s0166,78.648,90.511,-11.863,34.391,10.047,24.344,12.329,9.450,2.879
s0171,329.711,373.370,-43.659,20.243,19.140,1.104,29.693,19.275,10.419
s0174,44.914,38.934,5.980,14.141,8.373,5.768,15.461,8.238,7.223
s0175,174.457,190.998,-16.541,0.155,0.000,0.155,0.202,0.000,0.202
s0178,90.413,83.147,7.266,22.636,16.335,6.301,26.716,14.958,11.758
s0182,123.667,109.303,14.364,35.120,23.487,11.634,17.344,20.199,-2.855
s0187,2.643,0.000,2.643,0.000,0.000,0.000,0.000,0.000,0.000
s0188,21.185,18.225,2.960,30.706,16.905,13.800,17.388,17.550,-0.162
s0190,70.929,45.677,25.252,24.243,9.855,14.388,18.775,9.700,9.075
s0192,36.453,36.301,0.152,5.214,9.696,-4.482,15.815,9.001,6.814
s0193,110.852,95.347,15.505,23.038,17.665,5.373,43.794,17.334,26.460
s0196,507.404,503.931,3.473,17.904,13.021,4.884,16.112,12.494,3.618
s0199,20.864,53.713,-32.849,0.000,0.000,0.000,0.000,0.000,0.000
s0201,0.061,31.020,-30.959,0.095,14.992,-14.897,0.132,12.535,-12.403
s0204,72.407,71.644,0.763,31.057,16.038,15.019,21.701,14.995,6.706
s0210,164.967,160.954,4.013,46.815,33.345,13.470,40.385,34.476,5.910
s0211,24.212,44.229,-20.017,0.000,0.000,0.000,0.000,0.000,0.000
s0216,7.833,7.057,0.776,9.727,8.066,1.660,11.509,8.262,3.247
s0218,38.894,61.196,-22.302,44.577,20.807,23.770,13.696,18.681,-4.985
s0222,107.156,96.461,10.695,0.000,0.000,0.000,0.000,0.000,0.000
s0224,239.527,249.720,-10.193,33.787,23.537,10.250,43.683,25.626,18.056
s0227,62.876,54.037,8.839,15.231,15.160,0.071,20.611,15.242,5.370
s0228,30.787,72.390,-41.604,1.394,14.475,-13.082,0.888,13.210,-12.322
s0235,54.466,44.267,10.199,23.156,11.580,11.576,6.878,11.704,-4.826
s0236,125.486,118.689,6.797,42.852,29.936,12.916,48.836,35.279,13.557
s0237,0.000,18.569,-18.569,0.000,0.000,0.000,0.000,0.000,0.000
s0238,50.298,39.454,10.844,17.057,7.320,9.737,20.945,7.395,13.551
s0239,870.824,824.074,46.750,40.250,23.584,16.666,24.361,26.912,-2.552
s0241,175.260,187.876,-12.616,0.000,0.000,0.000,0.000,0.000,0.000
s0242,2.865,32.224,-29.359,2.089,10.503,-8.414,0.000,10.861,-10.861
s0243,80.045,77.048,2.997,27.057,16.264,10.793,9.025,16.122,-7.098
s0244,117.750,110.011,7.739,43.956,34.756,9.200,47.466,35.009,12.457
s0245,76.430,71.428,5.002,2.953,0.013,2.940,0.857,0.000,0.857
s0246,162.344,16.075,146.269,5.285,0.219,5.066,3.294,0.931,2.362
s0247,50.406,46.774,3.632,0.000,0.000,0.000,0.000,0.000,0.000
s0248,103.589,87.406,16.183,19.210,20.665,-1.455,45.755,20.702,25.053
s0249,29.565,83.190,-53.625,0.000,0.000,0.000,0.000,0.000,0.000
s0250,218.295,164.943,53.352,49.653,19.929,29.724,37.020,23.183,13.838
s0252,28.269,49.413,-21.144,19.487,9.551,9.936,6.986,6.254,0.732
s0255,73.906,74.233,-0.327,22.923,14.158,8.765,13.304,13.868,-0.564
s0257,137.302,170.954,-33.652,17.418,18.603,-1.185,40.939,18.147,22.791
s0258,57.527,51.249,6.277,0.007,0.000,0.007,0.000,0.000,0.000
s0260,62.883,58.350,4.533,24.364,11.300,13.065,23.139,10.996,12.143
s0262,21.772,45.448,-23.676,0.000,0.000,0.000,0.000,0.000,0.000
s0275,84.746,100.332,-15.586,2.849,15.444,-12.595,0.425,16.301,-15.876
s0285,220.070,224.346,-4.276,0.246,0.000,0.246,0.010,0.000,0.010
s0286,205.062,185.811,19.251,13.027,12.791,0.236,4.236,7.867,-3.631
s0287,468.707,475.848,-7.142,104.709,42.029,62.680,59.680,43.956,15.724
s0291,77.676,70.504,7.172,36.153,16.284,19.869,25.529,16.767,8.762
s0298,0.000,62.707,-62.707,3.125,25.269,-22.143,2.052,23.841,-21.789
s0300,149.408,119.178,30.230,33.078,17.803,15.275,18.927,16.511,2.416
s0301,0.429,22.282,-21.853,0.624,23.031,-22.407,0.729,22.491,-21.762
s0304,18.286,79.842,-61.557,0.095,24.141,-24.047,4.593,22.386,-17.793
s0305,82.178,77.321,4.857,0.000,0.000,0.000,1.944,0.000,1.944
s0306,18.117,52.258,-34.141,3.294,18.890,-15.596,0.095,18.836,-18.741
s0307,68.462,60.726,7.736,13.132,9.264,3.868,36.767,8.846,27.921
s0308,253.645,271.445,-17.800,30.186,18.238,11.948,27.607,17.925,9.683
s0311,88.850,82.320,6.531,23.895,22.643,1.252,31.192,22.224,8.967
s0314,97.413,152.439,-55.026,4.131,12.710,-8.579,5.062,14.323,-9.261
s0319,205.197,180.559,24.638,30.723,20.469,10.253,23.922,22.559,1.364
s0320,123.397,188.197,-64.800,27.601,20.746,6.855,35.603,23.463,12.140
s0321,83.238,89.883,-6.645,19.005,16.024,2.980,12.950,15.238,-2.288
s0322,238.845,246.139,-7.293,0.000,0.000,0.000,0.000,0.000,0.000
s0324,30.007,58.705,-28.698,0.364,14.118,-13.753,0.230,11.617,-11.387
s0325,70.888,63.727,7.162,35.647,19.896,15.751,20.976,17.776,3.200
s0327,221.889,227.347,-5.457,18.137,13.291,4.847,16.011,12.953,3.058
s0328,114.618,102.185,12.433,17.985,16.436,1.549,20.058,15.457,4.600
s0329,73.855,84.810,-10.955,24.465,16.109,8.356,16.970,14.965,2.005
s0332,289.022,276.605,12.417,9.031,13.787,-4.755,27.695,16.740,10.955
s0334,193.070,201.619,-8.549,38.897,19.616,19.281,11.144,19.194,-8.049
s0336,32.764,164.710,-131.946,0.027,0.000,0.027,0.000,0.000,0.000
s0344,252.619,256.314,-3.696,32.677,23.679,8.998,22.933,20.743,2.190
s0347,16.949,162.300,-145.351,0.000,0.000,0.000,0.000,0.000,0.000
s0350,244.991,253.277,-8.286,18.350,15.937,2.413,34.199,17.199,17.000
s0358,191.832,247.803,-55.971,9.119,17.250,-8.130,3.442,15.039,-11.596
s0361,9.842,9.443,0.398,51.739,27.918,23.821,47.979,25.431,22.548
s0362,370.146,398.297,-28.151,34.523,22.369,12.153,25.572,25.083,0.489
s0367,192.996,205.227,-12.231,0.013,0.000,0.013,0.111,0.000,0.111
s0369,314.861,322.930,-8.070,27.142,25.586,1.556,46.713,26.686,20.027
s0370,278.032,294.128,-16.095,29.008,21.229,7.779,26.183,19.875,6.308
s0371,173.556,177.987,-4.431,3.905,1.407,2.498,1.141,1.205,-0.064
s0375,119.455,141.035,-21.580,16.956,11.590,5.366,15.083,11.303,3.780
s0376,179.371,352.080,-172.709,0.287,0.000,0.287,0.101,0.000,0.101
s0377,323.794,306.018,17.776,0.533,0.000,0.533,0.952,0.000,0.952
s0381,0.000,1.988,-1.988,0.111,16.946,-16.835,2.238,14.151,-11.914
s0383,237.408,244.222,-6.814,18.735,15.032,3.702,21.171,15.694,5.478
s0385,16.058,14.587,1.472,0.894,13.952,-13.058,2.825,10.314,-7.489
s0389,119.684,195.217,-75.532,0.000,0.000,0.000,0.000,0.000,0.000
s0393,275.775,274.728,1.046,0.864,0.000,0.864,0.000,0.000,0.000
s0399,0.000,2.511,-2.511,0.000,12.660,-12.660,0.003,11.826,-11.823
s0402,304.239,309.737,-5.498,15.903,17.199,-1.296,34.239,19.072,15.167
s0408,305.684,309.079,-3.395,30.530,22.589,7.941,31.590,25.984,5.606
s0412,235.227,222.318,12.909,0.000,0.000,0.000,0.000,0.000,0.000
s0418,0.192,0.000,0.192,0.000,3.534,-3.534,0.000,4.981,-4.981
s0419,0.000,0.000,0.000,1.482,18.994,-17.513,0.935,17.901,-16.966
s0420,404.629,442.517,-37.888,0.054,0.000,0.054,0.101,0.000,0.101
s0421,89.738,278.910,-189.172,0.000,0.000,0.000,0.263,0.000,0.263
s0423,432.142,449.577,-17.435,33.622,24.843,8.778,33.048,24.263,8.785
s0426,0.877,2.200,-1.323,6.446,15.910,-9.463,2.589,14.323,-11.735
s0429,167.899,167.225,0.675,24.256,10.921,13.335,21.897,11.880,10.017
s0431,425.064,482.271,-57.206,0.000,0.000,0.000,0.000,0.000,0.000
s0436,166.077,156.343,9.733,19.615,14.013,5.602,41.195,16.861,24.334
s0440,184.211,189.597,-5.387,15.039,9.322,5.717,28.688,10.601,18.087
s0442,141.406,6.362,135.044,2.936,18.826,-15.889,0.628,19.491,-18.863
s0443,0.297,0.000,0.297,0.000,4.958,-4.958,0.000,4.668,-4.668
s0446,158.402,166.749,-8.346,22.980,17.243,5.737,32.123,18.465,13.659
s0447,208.940,214.107,-5.167,30.979,12.778,18.201,34.746,14.219,20.527
s0454,6.466,11.893,-5.427,8.097,18.245,-10.149,10.304,17.094,-6.790
s0456,207.640,204.056,3.584,15.498,11.111,4.387,23.692,17.223,6.470
s0461,221.464,229.709,-8.245,34.736,20.584,14.151,22.879,23.244,-0.364
s0467,460.758,383.505,77.254,30.453,21.475,8.978,26.902,24.715,2.187
s0468,150.484,140.552,9.933,57.139,30.763,26.376,48.992,34.550,14.442
s0472,239.115,244.556,-5.440,40.983,16.777,24.206,16.291,15.714,0.577
s0475,0.000,9.919,-9.919,0.935,15.775,-14.840,0.442,16.095,-15.653
s0476,234.266,239.112,-4.846,24.216,19.322,4.894,27.844,19.994,7.850
s0477,295.734,286.274,9.460,18.866,10.787,8.080,11.411,11.890,-0.479
s0483,224.765,222.207,2.558,21.080,14.637,6.443,19.049,13.817,5.231
s0484,283.277,283.746,-0.469,25.866,19.484,6.382,23.075,17.246,5.829
s0487,119.434,121.233,-1.799,0.041,0.000,0.041,0.196,0.000,0.196
s0498,413.039,422.277,-9.237,2.261,0.000,2.261,0.000,0.000,0.000
s0500,143.431,122.165,21.266,36.099,30.034,6.065,31.796,23.814,7.982
s0502,298.333,279.271,19.062,31.681,12.454,19.227,22.545,17.233,5.312
s0506,0.000,0.000,0.000,3.837,18.178,-14.340,0.250,17.432,-17.182
s0507,252.686,267.273,-14.587,29.298,24.543,4.755,39.774,27.746,12.029
s0510,191.585,194.930,-3.345,0.000,0.000,0.000,0.000,0.000,0.000
s0511,175.328,185.207,-9.879,0.658,0.547,0.111,1.313,0.651,0.661
s0516,416.782,574.010,-157.228,7.412,22.127,-14.715,9.896,23.335,-13.439
s0519,280.290,291.084,-10.793,14.246,14.192,0.054,21.988,13.277,8.711
s0536,281.823,292.937,-11.114,22.434,20.837,1.596,46.403,23.095,23.308
s0543,306.261,320.578,-14.317,32.117,19.011,13.105,25.809,21.705,4.104
s0546,292.042,275.103,16.939,24.860,17.503,7.358,21.576,18.043,3.534
s0548,120.612,110.501,10.112,49.410,31.782,17.628,45.023,33.173,11.850
s0549,362.823,375.138,-12.315,32.400,25.123,7.276,29.970,22.410,7.560
s0550,294.378,312.609,-18.232,24.573,15.302,9.271,18.218,14.836,3.382
s0551,228.369,234.984,-6.615,27.304,16.156,11.148,13.237,13.537,-0.300
s0556,261.242,269.639,-8.397,0.000,0.074,-0.074,0.000,0.101,-0.101
s0561,224.235,234.157,-9.923,18.805,14.901,3.905,16.227,13.638,2.589
s0564,0.000,3.210,-3.210,0.503,11.205,-10.702,2.059,12.265,-10.206
s0571,185.483,183.759,1.725,13.686,11.397,2.288,20.392,11.583,8.809
s0573,6.838,8.535,-1.698,6.666,18.637,-11.971,3.554,17.256,-13.702
s0574,275.646,280.935,-5.289,14.027,13.841,0.186,26.487,13.956,12.531
s0577,103.690,79.458,24.233,19.501,19.464,0.037,57.878,18.509,39.369
s0578,186.077,190.195,-4.118,16.602,10.928,5.673,16.889,12.683,4.205
s0581,10.611,17.209,-6.598,22.089,18.306,3.783,26.912,19.102,7.810
s0587,286.774,285.326,1.448,42.704,15.329,27.375,22.086,15.599,6.487
s0588,0.000,0.000,0.000,0.000,0.000,0.000,0.000,0.000,0.000
s0589,190.998,198.281,-7.283,21.644,15.741,5.903,25.728,14.303,11.424
s0591,226.446,238.515,-12.069,20.743,14.101,6.642,22.025,10.348,11.678
s0592,110.825,243.246,-132.421,10.442,14.938,-4.495,7.992,17.499,-9.507
s0593,168.882,171.703,-2.822,22.849,12.609,10.240,20.989,12.801,8.188
s0595,17.682,432.375,-414.693,0.186,0.000,0.186,0.000,0.000,0.000
s0600,107.848,96.208,11.640,39.261,23.750,15.512,28.870,23.338,5.532
s0601,0.068,0.000,0.068,0.655,13.237,-12.582,0.000,15.940,-15.940
s0602,167.204,174.872,-7.668,14.415,11.451,2.963,32.272,11.775,20.496
s0603,87.335,82.522,4.813,18.583,13.254,5.329,16.973,12.460,4.512
s0605,213.010,213.597,-0.587,0.000,0.000,0.000,0.044,0.000,0.044
s0608,148.898,334.952,-186.054,0.000,0.000,0.000,0.000,0.000,0.000
s0611,0.118,4.580,-4.462,1.789,36.447,-34.658,0.165,45.583,-45.417
s0612,348.027,349.772,-1.745,14.661,12.447,2.214,20.665,14.010,6.655
s0613,233.577,243.297,-9.720,13.956,12.909,1.046,25.579,12.865,12.714
s0614,0.000,0.003,-0.003,3.888,13.858,-9.970,0.557,13.571,-13.014
s0616,392.010,276.615,115.395,30.476,23.395,7.081,28.154,23.419,4.735
s0617,230.641,242.922,-12.282,30.004,22.312,7.692,41.003,22.758,18.245
s0618,207.195,204.795,2.400,0.000,0.000,0.000,0.000,0.000,0.000
s0619,256.048,235.173,20.874,27.786,15.160,12.626,18.731,16.517,2.214
s0621,288.191,305.100,-16.909,31.391,33.861,-2.471,74.139,44.418,29.720
s0623,337.871,297.631,40.240,39.758,22.656,17.101,27.631,21.070,6.561
s0625,295.491,300.925,-5.434,22.505,16.065,6.439,26.892,14.587,12.305
s0627,37.854,50.190,-12.336,1.536,0.000,1.536,0.064,0.000,0.064
s0628,287.904,287.439,0.466,24.766,12.508,12.258,18.482,12.477,6.004
s0629,288.299,299.450,-11.151,26.193,16.291,9.902,20.253,16.328,3.925
s0635,265.937,276.696,-10.759,28.667,17.331,11.337,22.579,16.416,6.163
s0637,320.254,308.796,11.458,24.222,16.885,7.337,22.248,19.970,2.278
s0638,0.000,0.000,0.000,0.000,0.000,0.000,0.000,0.000,0.000
s0639,250.337,249.328,1.009,32.150,18.205,13.945,21.536,17.513,4.023
s0644,224.795,214.819,9.977,24.027,13.726,10.300,33.156,19.416,13.740
s0646,7.584,3.186,4.398,11.708,17.601,-5.893,10.652,16.224,-5.572
s0648,318.360,322.093,-3.733,24.519,16.777,7.742,19.329,17.925,1.404
s0649,208.045,203.691,4.354,36.524,16.173,20.351,33.254,17.057,16.197
s0650,305.660,323.092,-17.432,21.357,21.053,0.304,37.419,21.235,16.183
s0652,317.534,304.013,13.520,0.000,0.000,0.000,0.000,0.000,0.000
s0656,222.068,233.641,-11.573,21.421,19.258,2.163,27.810,19.909,7.901
s0657,220.752,229.773,-9.021,36.069,23.720,12.349,27.290,26.683,0.608
s0661,190.873,184.646,6.227,27.540,18.654,8.886,18.947,19.116,-0.169
s0662,269.933,273.743,-3.810,15.650,14.114,1.536,17.820,14.435,3.385
s0663,209.368,208.626,0.743,18.947,11.387,7.560,17.530,10.297,7.233
s0667,337.692,347.244,-9.551,65.056,30.652,34.405,41.691,27.837,13.854
s0669,446.168,462.547,-16.379,21.148,16.335,4.813,18.657,14.661,3.996
s0670,248.981,247.992,0.989,21.317,13.804,7.513,31.536,16.244,15.292
s0673,10.054,1.688,8.367,2.781,15.525,-12.744,0.071,11.664,-11.593
s0675,99.751,222.969,-123.218,0.000,0.000,0.000,0.000,0.000,0.000
s0680,237.036,245.629,-8.593,16.156,14.357,1.799,19.673,14.094,5.579
s0685,82.995,67.260,15.734,20.230,15.748,4.482,18.438,15.025,3.412
s0686,423.357,410.410,12.947,30.611,22.093,8.518,26.905,21.489,5.417
s0687,291.377,309.339,-17.962,28.681,17.283,11.397,18.681,17.378,1.303
s0690,212.848,207.023,5.825,42.363,16.608,25.755,3.939,17.503,-13.564
s0691,258.761,282.143,-23.382,0.081,0.000,0.081,0.064,0.000,0.064
s0692,889.890,920.957,-31.067,60.723,53.318,7.405,63.838,41.637,22.201
s0697,293.719,328.560,-34.840,0.000,0.000,0.000,0.000,0.000,0.000
s0699,95.789,78.037,17.752,25.927,15.545,10.381,22.184,12.930,9.254
s0703,343.130,338.880,4.249,33.733,19.160,14.573,18.026,19.521,-1.495
s0707,102.310,69.414,32.896,34.850,17.277,17.574,20.598,16.176,4.421
s0708,104.514,113.764,-9.251,8.353,8.059,0.294,42.684,7.611,35.073
s0709,265.265,283.216,-17.952,0.624,0.280,0.344,0.000,0.064,-0.064
s0712,7.030,20.368,-13.338,6.389,15.998,-9.609,2.315,15.674,-13.358
s0720,175.206,184.241,-9.035,39.947,17.982,21.965,28.269,18.053,10.216
s0723,289.403,262.069,27.334,41.597,16.116,25.481,35.616,17.645,17.972
s0724,2.845,2.973,-0.128,21.819,19.551,2.268,27.574,26.207,1.367
s0726,276.831,273.270,3.561,26.595,16.143,10.452,18.677,15.680,2.997
s0727,222.595,224.029,-1.434,31.722,13.429,18.293,13.773,14.755,-0.982
s0730,0.000,0.000,0.000,0.000,3.432,-3.432,0.000,3.567,-3.567
s0731,211.356,222.200,-10.844,33.267,19.943,13.325,20.317,19.923,0.395
s0733,294.006,291.003,3.004,16.160,23.865,-7.705,47.773,25.255,22.518
s0736,114.710,248.815,-134.106,0.186,0.000,0.186,0.000,0.000,0.000
s0739,172.324,178.571,-6.247,21.951,17.314,4.637,33.450,16.605,16.845
s0740,30.767,405.918,-375.152,0.000,15.525,-15.525,0.044,14.891,-14.847
s0751,513.611,497.806,15.805,43.446,25.957,17.489,24.158,26.754,-2.595
s0754,320.881,281.293,39.589,30.375,22.869,7.506,24.394,20.338,4.057
s0759,194.059,287.536,-93.477,0.162,0.000,0.162,0.138,0.000,0.138
s0760,89.853,62.333,27.520,39.015,13.466,25.549,38.070,11.418,26.652
s0762,175.861,162.645,13.216,41.239,28.239,13.001,35.616,24.435,11.181
s0763,243.341,260.550,-17.209,24.253,17.010,7.243,17.739,16.453,1.286
s0764,311.931,313.642,-1.711,36.929,21.411,15.518,23.611,21.215,2.396
s0765,132.702,136.998,-4.296,18.147,11.623,6.524,31.954,10.152,21.803
s0770,257.884,255.315,2.568,0.000,0.000,0.000,0.000,0.000,0.000
s0772,0.000,1.772,-1.772,1.924,34.000,-32.076,1.532,29.045,-27.513
s0774,14.094,4.020,10.074,36.673,11.131,25.542,35.033,12.079,22.953
s0775,232.922,245.359,-12.437,0.095,0.000,0.095,0.000,0.000,0.000
s0776,0.000,4.290,-4.290,0.000,16.467,-16.467,0.010,18.458,-18.448
s0777,278.157,298.451,-20.294,27.645,19.130,8.515,28.127,19.966,8.161
s0778,303.777,300.875,2.902,40.078,31.634,8.444,45.951,29.187,16.764
s0785,227.563,183.951,43.612,0.000,0.000,0.000,0.294,0.000,0.294
s0786,0.000,0.000,0.000,0.000,0.000,0.000,0.000,0.000,0.000
s0790,151.078,133.427,17.651,21.165,9.673,11.492,20.368,10.354,10.014
s0791,608.921,649.812,-40.891,0.000,0.000,0.000,0.000,0.000,0.000
s0794,276.190,279.895,-3.706,31.533,12.089,19.443,26.119,13.169,12.950
s0795,224.654,228.157,-3.503,0.000,0.000,0.000,0.000,0.000,0.000
s0796,264.998,251.633,13.365,27.861,16.362,11.499,15.086,15.900,-0.813
s0797,255.646,259.831,-4.185,25.825,16.703,9.123,26.386,17.128,9.258
s0798,129.063,160.964,-31.900,0.000,0.000,0.000,0.000,0.000,0.000
s0801,244.893,255.501,-10.608,22.245,14.860,7.384,25.208,17.887,7.320
s0802,163.674,180.002,-16.328,0.000,0.000,0.000,0.000,0.000,0.000
s0804,214.232,223.509,-9.278,31.023,17.972,13.051,21.286,19.383,1.903
s0806,231.299,190.806,40.493,34.654,19.521,15.133,29.511,21.354,8.157
s0807,337.132,322.906,14.226,19.697,13.321,6.375,20.355,14.020,6.335
s0808,348.614,394.072,-45.458,0.830,0.000,0.830,0.213,0.000,0.213
s0812,266.004,275.920,-9.916,22.788,13.689,9.099,26.750,14.982,11.769
s0815,89.974,15.603,74.371,16.622,25.704,-9.082,22.575,24.833,-2.258
s0816,242.889,283.190,-40.301,0.000,0.000,0.000,0.000,0.000,0.000
s0818,0.000,0.267,-0.267,1.978,12.572,-10.594,0.155,6.409,-6.254
s0819,0.000,1.731,-1.731,3.821,19.204,-15.383,0.402,21.377,-20.976
s0821,0.334,181.771,-181.437,0.202,0.000,0.202,0.699,0.000,0.699
s0824,221.174,251.748,-30.574,0.000,0.000,0.000,0.000,0.000,0.000
s0829,165.321,168.153,-2.832,0.192,0.000,0.192,0.000,0.000,0.000
s0830,341.958,359.306,-17.348,45.792,27.300,18.492,38.100,34.320,3.780
s0831,74.989,71.037,3.952,10.139,13.230,-3.091,13.108,14.425,-1.316
s0833,309.984,305.019,4.965,0.000,0.000,0.000,0.000,0.000,0.000
s0835,168.817,167.177,1.640,32.481,12.741,19.740,23.085,13.169,9.916
s0836,317.507,294.104,23.402,28.711,19.302,9.409,33.365,19.997,13.368
s0840,78.486,217.276,-138.790,0.000,0.000,0.000,0.000,0.000,0.000
s0842,277.263,279.423,-2.160,22.143,14.064,8.080,26.285,15.481,10.803
s0844,114.058,127.389,-13.331,0.020,0.000,0.020,0.000,0.000,0.000
s0858,293.375,319.619,-26.244,0.000,0.000,0.000,0.000,0.000,0.000
s0859,371.507,350.467,21.040,41.283,23.649,17.634,31.006,19.194,11.812
s0860,274.600,286.737,-12.136,23.831,15.167,8.664,15.039,16.656,-1.617
s0862,0.000,13.227,-13.227,0.415,26.497,-26.082,1.579,28.930,-27.351
s0863,275.380,271.924,3.456,34.236,15.977,18.259,13.885,15.079,-1.195
s0864,142.030,136.499,5.532,9.561,9.396,0.165,29.049,9.561,19.487
s0869,366.984,351.800,15.184,34.125,21.239,12.886,22.366,20.868,1.498
s0873,0.000,3.007,-3.007,0.027,13.537,-13.510,0.550,15.100,-14.550
s0878,267.165,263.459,3.706,15.549,10.935,4.614,13.402,11.489,1.914
s0880,267.020,303.291,-36.271,18.168,28.917,-10.749,14.597,24.975,-10.378
s0884,281.070,301.627,-20.557,24.354,17.152,7.202,23.092,18.293,4.799
s0885,327.520,307.635,19.886,46.106,28.515,17.590,26.177,28.853,-2.676
s0894,190.566,205.031,-14.465,32.606,19.727,12.879,22.963,18.559,4.404
s0895,41.506,37.287,4.219,28.411,16.315,12.096,9.015,15.704,-6.689
s0896,94.419,106.684,-12.265,17.877,8.751,9.126,15.336,8.954,6.382
s0899,289.123,282.356,6.767,32.447,18.434,14.013,34.388,19.474,14.914
s0903,255.305,263.652,-8.346,32.316,20.301,12.015,32.468,18.704,13.763
s0904,284.975,273.625,11.350,18.954,18.910,0.044,33.979,19.221,14.759
s0907,17.212,18.195,-0.982,16.656,29.764,-13.108,11.414,26.652,-15.238
s0910,129.360,163.941,-34.580,0.000,0.000,0.000,0.000,0.000,0.000
s0912,263.368,267.796,-4.428,29.184,21.111,8.073,31.313,21.421,9.892
s0913,162.513,164.420,-1.907,33.655,13.844,19.811,16.929,13.976,2.953
s0915,369.512,442.945,-73.433,35.208,23.976,11.232,19.882,20.031,-0.149
s0916,315.937,297.709,18.228,19.818,17.381,2.437,32.511,20.618,11.893
s0918,351.337,321.783,29.555,16.308,14.661,1.647,38.664,15.312,23.352
s0921,0.000,0.000,0.000,0.277,6.115,-5.839,0.111,8.016,-7.904
s0923,144.487,168.625,-24.138,22.582,15.160,7.422,18.114,13.379,4.735
s0924,218.886,217.090,1.796,16.521,17.378,-0.857,26.632,19.697,6.936
s0927,349.255,361.746,-12.491,18.343,13.402,4.941,21.138,16.534,4.604
s0928,274.573,278.289,-3.716,21.776,20.500,1.276,12.552,18.964,-6.412
s0930,158.311,159.178,-0.867,0.000,0.000,0.000,0.000,0.000,0.000
s0931,326.369,338.232,-11.863,20.085,22.322,-2.238,34.955,21.894,13.061
s0933,359.134,232.065,127.069,20.287,21.067,-0.780,32.005,20.311,11.694
s0937,108.162,100.497,7.665,50.017,24.948,25.069,33.767,21.408,12.359
s0939,331.594,320.497,11.097,12.582,17.010,-4.428,32.980,17.246,15.734
s0940,288.019,288.819,-0.800,25.407,19.362,6.045,24.813,17.267,7.546
s0944,11.151,6.338,4.813,1.475,22.039,-20.564,3.804,22.663,-18.860
s0945,192.665,189.969,2.697,42.431,9.109,33.321,23.497,9.946,13.551
s0947,0.000,0.830,-0.830,0.634,14.074,-13.439,0.013,14.428,-14.415
s0950,389.178,379.397,9.781,55.630,33.342,22.288,24.172,28.117,-3.945
s0951,6.760,8.556,-1.795,5.596,19.021,-13.426,5.309,18.353,-13.044
s0953,1.222,1.964,-0.743,0.000,0.000,0.000,0.000,0.000,0.000
s0957,192.962,196.324,-3.361,36.399,18.367,18.033,18.789,18.245,0.543
s0959,167.103,166.705,0.398,16.062,9.055,7.006,25.491,8.812,16.679
s0961,231.528,237.219,-5.690,19.457,14.037,5.420,29.585,16.058,13.527
s0963,21.556,129.104,-107.548,1.154,8.873,-7.719,2.086,7.256,-5.170
s0965,67.139,65.526,1.613,6.595,5.208,1.387,8.532,6.129,2.403
s0970,263.483,235.592,27.891,18.934,9.578,9.355,14.570,9.433,5.137
s0971,5.160,5.815,-0.655,29.342,24.037,5.305,28.951,23.051,5.899
s0976,216.709,226.483,-9.774,0.000,0.000,0.000,0.000,0.000,0.000
s0981,9.227,44.081,-34.854,22.626,33.203,-10.577,10.145,30.584,-20.439
s0982,367.504,361.884,5.619,29.325,28.941,0.385,47.071,32.721,14.351
s0983,232.180,240.266,-8.087,11.890,14.833,-2.943,26.497,14.701,11.796
s0985,198.200,191.079,7.121,10.685,11.320,-0.634,21.971,11.219,10.753
s0986,249.301,246.115,3.186,33.780,17.013,16.767,31.894,20.047,11.846
s0988,89.751,84.392,5.359,31.256,22.359,8.896,33.912,26.946,6.966
s0991,249.952,255.241,-5.289,26.052,15.390,10.662,20.601,15.805,4.796
s0992,169.084,168.747,0.338,21.023,12.960,8.063,41.776,13.240,28.536
s0994,279.248,285.069,-5.822,21.613,18.012,3.601,27.486,19.541,7.945
s1004,313.578,333.838,-20.260,0.402,0.000,0.402,0.000,0.000,0.000
s1005,0.000,7.661,-7.661,10.628,19.987,-9.359,0.601,27.108,-26.507
s1006,213.486,219.868,-6.382,23.811,11.856,11.954,25.282,11.796,13.487
s1008,263.075,264.570,-1.495,41.604,24.799,16.804,27.256,26.959,0.297
s1009,0.098,7.476,-7.378,1.063,28.158,-27.094,0.223,27.081,-26.858
s1012,164.781,171.035,-6.254,31.408,21.526,9.882,30.473,21.364,9.109
s1013,229.561,219.490,10.071,1.063,0.047,1.016,0.000,0.027,-0.027
s1016,471.541,450.330,21.212,32.980,24.324,8.657,27.773,19.592,8.181
s1024,160.113,173.306,-13.193,23.061,13.892,9.170,11.563,14.131,-2.568
s1025,162.874,172.115,-9.241,0.000,0.000,0.000,0.000,0.000,0.000
s1026,231.768,354.270,-122.502,0.000,0.000,0.000,0.000,0.000,0.000
s1029,336.707,315.475,21.232,50.149,24.395,25.755,29.153,29.180,-0.027
s1031,249.115,234.049,15.066,27.027,17.273,9.754,20.999,17.766,3.233
s1038,206.722,200.779,5.943,16.241,9.359,6.882,12.191,8.687,3.503
s1041,0.641,10.716,-10.074,16.149,17.030,-0.881,4.512,16.527,-12.015
s1044,299.595,417.167,-117.572,9.700,26.885,-17.185,1.225,23.267,-22.042
s1045,309.069,315.174,-6.105,27.138,16.966,10.172,21.073,18.789,2.285
s1046,316.048,308.310,7.739,17.513,24.098,-6.585,55.340,28.407,26.933
s1050,0.219,13.054,-12.835,5.400,14.351,-8.950,4.715,15.981,-11.266
s1057,0.000,2.764,-2.764,0.432,19.082,-18.650,0.054,14.796,-14.742
s1061,144.831,144.477,0.354,26.264,14.566,11.698,24.665,11.262,13.402
s1062,317.149,333.713,-16.565,23.169,24.418,-1.249,34.040,20.479,13.561
s1063,182.706,181.092,1.613,16.436,9.214,7.223,15.093,9.592,5.501
s1068,0.000,0.000,0.000,0.000,3.027,-3.027,0.000,3.574,-3.574
s1069,226.689,242.727,-16.038,7.638,13.564,-5.927,9.933,13.973,-4.040
s1070,154.278,158.834,-4.556,47.888,13.200,34.688,30.243,12.488,17.756
s1077,322.032,314.952,7.081,8.998,0.000,8.998,0.705,0.000,0.705
s1082,365.462,362.104,3.358,34.665,19.690,14.975,27.435,19.680,7.756
s1085,360.956,313.136,47.820,47.793,27.601,20.193,28.043,28.627,-0.584
s1086,255.582,260.007,-4.425,36.990,23.250,13.740,16.301,20.226,-3.925
s1088,323.760,308.006,15.755,19.653,13.962,5.690,41.897,24.300,17.597
s1089,281.451,284.975,-3.524,40.827,24.742,16.085,28.775,23.956,4.820
s1090,474.262,479.800,-5.538,57.031,34.982,22.049,35.559,32.684,2.875
s1094,194.042,201.886,-7.844,0.000,0.000,0.000,0.000,0.000,0.000
s1098,4.445,4.381,0.064,4.097,13.642,-9.544,2.038,12.558,-10.520
s1099,198.183,191.555,6.628,17.331,8.589,8.741,13.436,9.089,4.347
s1101,284.668,313.487,-28.819,0.007,0.000,0.007,0.000,0.000,0.000
s1103,96.987,83.774,13.213,38.779,26.541,12.238,35.708,27.095,8.613
s1104,0.000,0.000,0.000,19.173,5.933,13.240,15.285,6.736,8.549
s1111,169.064,272.332,-103.268,22.818,15.235,7.584,10.986,17.290,-6.304
s1119,262.534,282.663,-20.129,0.000,0.000,0.000,0.000,0.000,0.000
s1120,231.707,223.469,8.238,34.553,17.989,16.564,22.778,14.958,7.820
s1121,30.007,23.726,6.281,26.737,12.018,14.718,13.021,10.878,2.143
s1123,213.509,215.787,-2.278,15.208,11.114,4.094,14.438,11.735,2.703
s1124,292.180,352.961,-60.780,11.549,23.166,-11.617,9.251,22.285,-13.034
s1125,5.275,17.590,-12.315,14.570,28.276,-13.706,2.592,30.652,-28.060
s1127,347.706,333.274,14.432,37.176,15.910,21.266,34.196,18.350,15.846
s1128,0.000,4.279,-4.279,4.279,15.616,-11.337,0.344,13.453,-13.108
s1132,250.978,256.503,-5.525,0.007,0.000,0.007,0.304,0.000,0.304
s1135,239.750,239.426,0.324,32.761,22.734,10.027,34.196,22.440,11.755
s1136,0.000,7.449,-7.449,6.632,14.307,-7.675,1.515,13.362,-11.846
s1137,13.530,12.454,1.077,27.591,14.840,12.751,15.623,17.395,-1.772
s1141,16.200,26.224,-10.024,13.480,26.862,-13.382,12.967,31.904,-18.937
s1142,606.703,585.063,21.640,0.000,0.000,0.000,0.000,0.000,0.000
s1143,773.847,739.280,34.567,32.160,21.438,10.722,20.861,22.363,-1.502
s1145,174.369,171.005,3.365,27.759,10.354,17.405,20.209,8.194,12.015
s1146,168.112,182.979,-14.867,0.000,0.000,0.000,0.000,0.000,0.000
s1151,27.634,12.758,14.877,20.010,16.470,3.540,43.905,17.172,26.733
s1152,196.766,192.102,4.664,26.497,18.171,8.326,23.969,17.803,6.166
s1155,289.278,346.299,-57.021,0.047,0.000,0.047,0.047,0.000,0.047
s1159,171.926,163.920,8.005,5.694,7.732,-2.038,69.944,7.847,62.097
s1161,248.265,237.222,11.043,19.960,10.270,9.690,22.545,12.150,10.395
s1168,0.000,0.000,0.000,0.425,0.000,0.425,0.877,0.000,0.877
s1171,165.571,170.323,-4.752,5.947,5.083,0.864,6.757,4.917,1.839
s1174,214.886,223.800,-8.913,31.978,17.229,14.749,21.748,15.569,6.180
s1176,102.792,165.554,-62.762,0.000,0.000,0.000,0.000,0.000,0.000
s1178,2.467,105.891,-103.424,0.000,5.758,-5.758,0.024,5.960,-5.937
s1182,173.276,175.861,-2.585,0.000,0.000,0.000,0.000,0.000,0.000
s1189,141.159,144.636,-3.476,4.263,3.520,0.742,3.635,3.260,0.375
s1191,206.304,216.884,-10.581,0.000,0.000,0.000,0.000,0.000,0.000
s1197,306.426,303.372,3.054,0.000,0.000,0.000,0.000,0.000,0.000
s1206,301.020,271.613,29.406,2.683,8.836,-6.153,57.689,11.779,45.910
s1207,247.411,230.104,17.307,23.463,14.134,9.329,20.064,14.435,5.629
s1208,463.458,491.515,-28.056,35.164,19.102,16.062,17.010,15.940,1.070
s1209,375.303,371.530,3.773,34.000,21.978,12.022,31.097,23.696,7.401
s1210,269.622,327.483,-57.861,15.771,20.122,-4.350,10.125,19.831,-9.706
s1215,2.373,0.000,2.373,0.000,0.000,0.000,0.000,0.000,0.000
s1218,10.905,0.000,10.905,0.000,0.000,0.000,0.000,0.000,0.000
s1222,7.270,4.458,2.811,0.422,0.000,0.422,0.047,0.000,0.047
s1223,165.979,182.601,-16.622,23.001,13.865,9.136,27.614,15.056,12.558
s1224,349.640,355.644,-6.004,25.805,19.724,6.082,28.526,21.043,7.482
s1226,680.815,870.720,-189.904,0.000,0.000,0.000,0.013,0.000,0.013
s1228,291.651,301.705,-10.054,33.396,20.972,12.423,41.097,26.646,14.452
s1233,257.023,262.767,-5.744,22.528,14.364,8.164,14.158,12.191,1.968
s1234,3.102,3.686,-0.584,12.994,10.422,2.572,11.495,11.077,0.419
s1238,295.410,300.446,-5.036,37.975,17.537,20.439,23.335,17.574,5.761
s1242,76.626,73.828,2.798,0.000,0.000,0.000,0.000,0.000,0.000
s1247,108.948,119.840,-10.891,28.914,12.440,16.473,24.783,11.279,13.503
s1249,383.997,266.510,117.487,18.252,18.711,-0.459,28.546,18.451,10.095
s1251,14.772,24.901,-10.128,1.603,48.654,-47.051,2.200,45.407,-43.207
s1252,46.953,36.642,10.311,19.848,12.076,7.773,53.474,9.740,43.733
s1255,185.628,199.287,-13.659,0.000,0.000,0.000,0.000,0.000,0.000
s1256,15.387,14.786,0.601,21.654,14.904,6.750,21.148,15.387,5.761
s1261,187.684,204.120,-16.436,0.000,0.000,0.000,0.000,0.000,0.000
s1267,263.449,265.879,-2.430,47.429,30.598,16.831,49.103,27.857,21.246
s1268,168.443,181.332,-12.889,0.000,0.000,0.000,0.000,0.000,0.000
s1273,273.463,293.183,-19.720,29.011,18.947,10.064,15.552,18.849,-3.297
s1275,0.000,0.000,0.000,0.000,0.000,0.000,0.000,0.000,0.000
s1276,132.462,137.562,-5.100,25.188,14.627,10.560,12.332,11.512,0.820
s1283,210.232,232.767,-22.535,6.973,15.039,-8.066,6.743,13.827,-7.084
s1287,347.001,307.098,39.903,47.790,28.681,19.109,27.037,28.819,-1.782
s1292,197.427,208.130,-10.702,0.051,0.000,0.051,0.000,0.000,0.000
s1297,282.383,271.363,11.019,22.548,11.890,10.658,30.439,13.105,17.334
s1298,305.370,311.165,-5.795,2.626,0.000,2.626,1.050,0.000,1.050
s1301,31.242,19.831,11.411,8.245,38.586,-30.341,10.672,36.406,-25.734
s1304,325.741,333.943,-8.201,37.466,18.336,19.129,21.705,13.824,7.881
s1307,133.927,127.200,6.726,35.303,13.375,21.927,64.894,12.285,52.609
s1308,202.439,223.533,-21.094,0.000,0.000,0.000,0.010,0.000,0.010
s1314,187.012,189.361,-2.349,19.059,13.598,5.461,18.100,12.437,5.663
s1318,99.066,97.720,1.347,0.000,0.000,0.000,0.000,0.000,0.000
s1321,231.424,231.002,0.422,19.197,10.793,8.404,34.496,9.801,24.695
s1334,723.755,729.395,-5.640,77.875,44.081,33.794,49.309,39.325,9.983
s1336,369.627,360.352,9.274,37.992,25.113,12.879,32.309,27.314,4.995
s1340,376.694,364.065,12.629,41.374,29.713,11.661,36.480,28.644,7.837
s1344,597.365,604.300,-6.936,21.792,19.079,2.713,26.477,19.285,7.192
s1348,348.205,331.287,16.919,31.101,18.006,13.095,27.317,16.430,10.888
s1349,288.012,313.885,-25.873,32.366,19.943,12.423,27.786,23.720,4.067
s1350,219.149,227.397,-8.249,27.560,10.851,16.710,14.381,11.397,2.983
s1354,36.963,176.796,-139.833,0.061,4.212,-4.151,0.000,4.813,-4.813
s1355,15.623,12.744,2.879,21.398,13.625,7.773,17.617,14.938,2.680
s1358,34.681,29.994,4.688,19.548,14.978,4.570,19.865,15.181,4.684
s1361,763.962,822.835,-58.873,44.877,33.912,10.965,51.263,35.313,15.950
s1362,826.217,822.579,3.638,69.329,37.695,31.634,61.850,49.845,12.005
s1363,967.518,1400.936,-433.418,54.591,40.011,14.580,32.046,37.473,-5.427
s1364,339.154,356.609,-17.455,11.971,14.678,-2.707,24.658,15.056,9.602
s1365,774.883,1567.492,-792.609,21.097,11.762,9.335,12.957,12.909,0.047
s1366,79.090,70.605,8.485,24.803,13.264,11.539,39.136,12.683,26.453
s1367,142.611,138.031,4.580,16.274,11.300,4.975,16.288,11.853,4.435
s1368,59.167,55.026,4.141,13.311,12.207,1.104,13.274,10.979,2.295
s1369,192.979,324.452,-131.473,0.651,20.196,-19.545,0.358,20.905,-20.547
s1370,305.400,319.940,-14.539,0.999,0.000,0.999,0.000,0.000,0.000
s1371,400.643,410.339,-9.696,36.453,38.998,-2.545,39.322,31.411,7.911
s1372,475.082,518.177,-43.095,70.227,29.545,40.682,48.472,48.404,0.068
s1373,100.045,99.671,0.375,54.007,33.261,20.746,34.435,37.014,-2.578
s1374,116.799,242.106,-125.307,26.646,19.376,7.270,24.503,19.217,5.285
s1375,120.484,249.058,-128.574,3.108,25.103,-21.995,12.002,22.488,-10.486
s1377,633.352,839.288,-205.936,32.646,20.422,12.224,31.195,16.190,15.005
s1379,610.929,758.977,-148.048,66.096,44.371,21.725,58.337,34.290,24.047
s1380,103.265,224.498,-121.233,3.557,12.926,-9.369,3.915,13.048,-9.133
s1382,363.126,370.865,-7.739,30.412,22.930,7.482,36.592,24.094,12.498
s1383,151.014,436.755,-285.741,46.136,30.226,15.910,19.322,15.954,3.368
s1384,42.468,207.276,-164.808,1.411,8.103,-6.693,2.194,8.451,-6.257
s1385,20.047,16.160,3.888,30.935,22.339,8.596,20.942,20.372,0.570
s1386,244.313,289.416,-45.104,54.260,32.552,21.708,39.089,31.354,7.736
s1387,516.773,544.195,-27.422,41.894,19.346,22.548,23.095,17.962,5.133
s1388,104.304,185.308,-81.003,0.098,9.983,-9.885,0.000,9.207,-9.207
s1389,26.403,70.878,-44.476,0.057,0.000,0.057,0.088,0.000,0.088
s1390,195.845,291.509,-95.664,34.611,25.907,8.704,44.172,28.546,15.626
s1391,80.254,158.139,-77.885,0.314,27.311,-26.997,0.996,26.716,-25.721
s1394,104.146,91.979,12.167,22.018,18.674,3.345,17.189,20.908,-3.719
s1395,402.087,403.083,-0.996,59.707,40.716,18.991,40.392,38.779,1.613
s1397,347.173,379.839,-32.667,8.198,28.002,-19.805,4.438,31.624,-27.186
s1400,805.491,1320.614,-515.123,53.534,35.792,17.742,57.098,49.174,7.925
s1401,10.672,9.855,0.817,22.420,16.905,5.515,22.201,16.936,5.265
s1403,312.589,292.825,19.764,15.474,20.338,-4.863,15.714,17.115,-1.401
s1404,198.227,197.505,0.722,27.959,16.322,11.637,13.436,16.534,-3.098
s1405,134.943,119.468,15.474,23.493,20.125,3.368,30.999,21.715,9.285
s1411,41.094,72.441,-31.347,3.378,15.042,-11.664,1.488,15.930,-14.442
s1412,25.623,75.151,-49.528,0.587,13.551,-12.963,4.610,11.492,-6.882
s1413,2.214,83.028,-80.814,2.356,19.879,-17.523,1.239,17.675,-16.436
s1414,102.060,84.854,17.206,27.682,13.372,14.310,54.904,13.665,41.239
s1415,220.705,252.119,-31.415,37.503,20.291,17.212,37.895,17.071,20.824
s1418,32.899,92.185,-59.285,0.044,12.005,-11.961,0.000,11.576,-11.576
s1420,335.164,369.856,-34.692,0.000,0.000,0.000,0.000,0.000,0.000
s1421,178.065,194.137,-16.072,31.678,21.786,9.892,40.966,24.499,16.467
s1422,38.634,146.090,-107.457,7.061,22.110,-15.049,2.292,24.766,-22.474
s1423,7.975,64.506,-56.531,0.695,15.690,-14.995,0.705,16.838,-16.133
s1424,31.239,72.417,-41.178,8.728,14.371,-5.643,7.972,13.854,-5.883
